epoch,iso_time,gpu_ns_total,last_submit_ns,mach_now_ns,footprint_mb
1789580597,2026-09-16T17:43:17Z,642642875,1107405771251333,1107406964288208,123
1789580658,2026-09-16T17:44:18Z,669900708,1107463525782833,1107467734573375,123
1789580719,2026-09-16T17:45:19Z,698775125,1107526525366958,1107528736436708,123
1789580780,2026-09-16T17:46:20Z,723918708,1107584267208041,1107589624081083,237
1789580841,2026-09-16T17:47:21Z,756655083,1107647265794291,1107650373247750,123
1789580902,2026-09-16T17:48:22Z,784899208,1107710269709375,1107711287594041,237
1789580962,2026-09-16T17:49:22Z,810802333,1107768008063375,1107772090440875,123
1789581023,2026-09-16T17:50:23Z,840062208,1107831009859416,1107832871726458,123
1789581084,2026-09-16T17:51:24Z,865686666,1107888754108166,1107893768245708,123
1789581145,2026-09-16T17:52:25Z,901876000,1107951756268458,1107954545186875,123
1789581206,2026-09-16T17:53:26Z,930713041,1108014754356166,1108015273655208,237
1789581266,2026-09-16T17:54:26Z,959512458,1108072508778541,1108076161493750,123
1789581327,2026-09-16T17:55:27Z,989810125,1108135503878583,1108137028339583,123
1789581388,2026-09-16T17:56:28Z,1017459041,1108193254695458,1108197794530000,123
1789581449,2026-09-16T17:57:29Z,1047959791,1108256274110625,1108258683395291,123
1789581510,2026-09-16T17:58:30Z,1076013041,1108314002006291,1108319569838208,237
1789581571,2026-09-16T17:59:31Z,1103793875,1108377013129291,1108380453146791,123
1789581632,2026-09-16T18:00:32Z,1132323083,1108440006532625,1108441341649166,123
1789581693,2026-09-16T18:01:33Z,1163656375,1108498891896250,1108502197439041,123
1789581753,2026-09-16T18:02:33Z,1196497041,1108560754673166,1108563042724166,123
1789581814,2026-09-16T18:03:34Z,1224901500,1108618517445125,1108623924830750,237
1789581875,2026-09-16T18:04:35Z,1252729208,1108681504290833,1108684804567833,123
1789581936,2026-09-16T18:05:36Z,1282879916,1108744527022458,1108745573907250,237
1789581997,2026-09-16T18:06:37Z,1317109125,1108803224536750,1108806332287708,123
1789582058,2026-09-16T18:07:38Z,1345756208,1108865261785791,1108867205885500,123
1789582118,2026-09-16T18:08:38Z,1372881500,1108923016644250,1108928091591333,123
1789582179,2026-09-16T18:09:39Z,1400340250,1108986018015041,1108988983046333,123
1789582240,2026-09-16T18:10:40Z,1430097166,1109049009415083,1109049753063041,237
1789582301,2026-09-16T18:11:41Z,1463099166,1109106753148041,1109110670797875,123
1789582362,2026-09-16T18:12:42Z,1492880708,1109169764150041,1109171560982000,123
1789582423,2026-09-16T18:13:43Z,1521541958,1109227505588666,1109232448173541,123
1789582484,2026-09-16T18:14:44Z,1551267416,1109290515733708,1109293311493375,123
1789582544,2026-09-16T18:15:44Z,1581572208,1109353507196625,1109354061161750,237
1789582605,2026-09-16T18:16:45Z,1615670458,1109411256393250,1109414953148208,123
1789582666,2026-09-16T18:17:46Z,1645669833,1109474264982958,1109475822679333,123
1789582727,2026-09-16T18:18:47Z,1671380916,1109532010908333,1109536609169208,123
1789582788,2026-09-16T18:19:48Z,1701602375,1109595014304291,1109597383014833,123
1789582848,2026-09-16T18:20:48Z,1728247666,1109652773150416,1109658126914291,237
1789582909,2026-09-16T18:21:49Z,1760410958,1109715765139333,1109718880611833,116
1789582970,2026-09-16T18:22:50Z,1790452125,1109778758334541,1109779640543875,230
1789583031,2026-09-16T18:23:51Z,1818529666,1109836513727500,1109840383786708,116
1789583091,2026-09-16T18:24:51Z,1845542791,1109899515028000,1109901129690125,116
1789583152,2026-09-16T18:25:52Z,1873133916,1109957269214625,1109961862824666,116
1789583213,2026-09-16T18:26:53Z,1909837541,1110020267307791,1110022577346416,116
1789583274,2026-09-16T18:27:54Z,1937372500,1110078017065708,1110083322898875,230
1789583334,2026-09-16T18:28:54Z,1967828166,1110141015934541,1110144055485416,116
1789583395,2026-09-16T18:29:55Z,1997722833,1110204004474958,1110204800702000,231
1789583456,2026-09-16T18:30:56Z,2023913416,1110261767613375,1110265545567500,116
1789583517,2026-09-16T18:31:57Z,2057410000,1110324766686583,1110326286870458,116
1789583577,2026-09-16T18:32:57Z,2085708416,1110382514706958,1110387004067000,116
1789583638,2026-09-16T18:33:58Z,2111534166,1110445515580875,1110447749665083,116
1789583699,2026-09-16T18:34:59Z,2138754500,1110503255695833,1110508457754708,116
1789583759,2026-09-16T18:35:59Z,2168788041,1110566270418458,1110569186136708,116
1789583820,2026-09-16T18:37:00Z,2204869916,1110629254447208,1110629905131791,231
1789583881,2026-09-16T18:38:01Z,2232329666,1110687006945541,1110690784206083,116
1789583942,2026-09-16T18:39:02Z,2263368083,1110750008141291,1110751649423291,117
1789584003,2026-09-16T18:40:03Z,2289463750,1110807757225958,1110812566172458,117
1789584064,2026-09-16T18:41:04Z,2318241833,1110870763301833,1110873472547291,117
1789584125,2026-09-16T18:42:05Z,2354263666,1110933761907625,1110934346341416,231
1789584185,2026-09-16T18:43:05Z,2382890000,1110991504246750,1110995204468916,117
1789584246,2026-09-16T18:44:06Z,2413695041,1111054516535791,1111056064705375,117
1789584307,2026-09-16T18:45:07Z,2442116833,1111112257727083,1111116928025125,117
1789584368,2026-09-16T18:46:08Z,2470857666,1111175258643125,1111177806447791,117
1789584429,2026-09-16T18:47:09Z,2501403708,1111233014372916,1111238688326791,232
1789584490,2026-09-16T18:48:10Z,2532184000,1111296021530125,1111299599512708,117
1789584551,2026-09-16T18:49:11Z,2562911833,1111359007859750,1111360468040041,117
1789584611,2026-09-16T18:50:11Z,2591043583,1111416767676000,1111421183326166,117
1789584672,2026-09-16T18:51:12Z,2621970166,1111479765203458,1111481901145000,117
1789584733,2026-09-16T18:52:13Z,2654636750,1111537518426291,1111542788968666,232
1789584794,2026-09-16T18:53:14Z,2685259416,1111600512781416,1111603674925333,118
1789584855,2026-09-16T18:54:15Z,2716043750,1111663510371208,1111664558481375,120
1789584916,2026-09-16T18:55:16Z,2741782666,1111721257494625,1111725443464291,118
1789584977,2026-09-16T18:56:17Z,2771044333,1111784266166791,1111786347712916,118
1789585037,2026-09-16T18:57:17Z,2804954958,1111842010009041,1111847201430000,118
1789585098,2026-09-16T18:58:18Z,2836881791,1111905018662666,1111908048312000,117
1789585159,2026-09-16T18:59:19Z,2865657458,1111968006633875,1111968917923416,232
1789585220,2026-09-16T19:00:20Z,2891634750,1112025766871375,1112029782687166,118
1789585281,2026-09-16T19:01:21Z,2920890666,1112088764426166,1112090543093625,118
1789585342,2026-09-16T19:02:22Z,2950325208,1112146522225791,1112151429797083,118
1789585402,2026-09-16T19:03:23Z,2978067375,1112209514437208,1112212289254375,118
1789585463,2026-09-16T19:04:23Z,3009278666,1112272516094583,1112273150626750,232
1789585524,2026-09-16T19:05:24Z,3037796708,1112330263312791,1112334010702750,118
1789585585,2026-09-16T19:06:25Z,3067452083,1112393262835291,1112394876288083,118
1789585646,2026-09-16T19:07:26Z,3101439541,1112451027674541,1112455741289500,118
1789585707,2026-09-16T19:08:27Z,3132457625,1112514005897208,1112516635604333,118
1789585768,2026-09-16T19:09:28Z,3162076666,1112577008059041,1112577530524458,232
1789585829,2026-09-16T19:10:29Z,3190174375,1112634770079041,1112638414973083,118
1789585889,2026-09-16T19:11:29Z,3221030583,1112697757487750,1112699172205750,118
1789585950,2026-09-16T19:12:30Z,3253251333,1112755510069791,1112759999383958,118
1789586011,2026-09-16T19:13:31Z,3281678750,1112818518203125,1112820891415166,118
1789586072,2026-09-16T19:14:32Z,3309862125,1112876260857375,1112881783274625,232
1789586133,2026-09-16T19:15:33Z,3340385625,1112939259594208,1112942685671541,118
1789586194,2026-09-16T19:16:34Z,3370777833,1113002262623958,1113003603828000,118
1789586255,2026-09-16T19:17:35Z,3404363333,1113060009996083,1113064498159791,118
1789586316,2026-09-16T19:18:36Z,3433870500,1113123013385416,1113125420552541,118
1789586376,2026-09-16T19:19:36Z,3462341041,1113180755835000,1113186178187375,232
1789586437,2026-09-16T19:20:37Z,3492311666,1113243764274708,1113246881325000,118
1789586498,2026-09-16T19:21:38Z,3523280166,1113306759156333,1113307609301000,232
1789586559,2026-09-16T19:22:39Z,3555244916,1113364504640875,1113368320530708,118
1789586619,2026-09-16T19:23:39Z,3582954291,1113427505315791,1113429051973625,118
1789586680,2026-09-16T19:24:40Z,3609555416,1113485267095000,1113489761914166,118
1789586741,2026-09-16T19:25:41Z,3640318208,1113548265523875,1113550516667041,118
1789586801,2026-09-16T19:26:41Z,3668313333,1113606025835208,1113611249450416,232
1789586862,2026-09-16T19:27:42Z,3703234041,1113669016996708,1113671974340416,118
1789586923,2026-09-16T19:28:43Z,3730075708,1113732019087750,1113732839386125,232
1789586984,2026-09-16T19:29:44Z,3757532000,1113789757334000,1113793718537416,118
1789587045,2026-09-16T19:30:45Z,3785882916,1113852757549583,1113854598708833,118
1789587106,2026-09-16T19:31:46Z,3814529875,1113910517511125,1113915389748666,118
1789587166,2026-09-16T19:32:46Z,3850127750,1113973516539541,1113976246442833,118
1789587227,2026-09-16T19:33:47Z,3881203500,1114036506468375,1114037105986791,232
1789587288,2026-09-16T19:34:48Z,3909589458,1114094275729625,1114097987548958,118
1789587349,2026-09-16T19:35:49Z,3940878500,1114157264353250,1114158891395291,118
1789587410,2026-09-16T19:36:50Z,3971799041,1114217027372375,1114219792446250,118
1789587471,2026-09-16T19:37:51Z,4004565208,1114278017902000,1114280680144375,118
1789587532,2026-09-16T19:38:52Z,4035443416,1114341007070541,1114341586498791,232
1789587593,2026-09-16T19:39:53Z,4064274458,1114398764373000,1114402346628708,118
1789587653,2026-09-16T19:40:53Z,4096066458,1114461767468750,1114463075109166,118
1789587714,2026-09-16T19:41:54Z,4124466625,1114519503419583,1114523811272708,232
1789587775,2026-09-16T19:42:55Z,4157641458,1114582505868291,1114584555433708,118
1789587836,2026-09-16T19:43:56Z,4186013083,1114640264468291,1114645301340583,118
1789587896,2026-09-16T19:44:56Z,4215084000,1114703255865333,1114706051338791,118
1789587957,2026-09-16T19:45:57Z,4246266833,1114766260521041,1114766785291583,232
1789588018,2026-09-16T19:46:58Z,4279840375,1114824414559375,1114827497722375,118
1789588078,2026-09-16T19:47:58Z,4309655166,1114887009793750,1114888252182166,118
1789588139,2026-09-16T19:48:59Z,4337517333,1114944777189708,1114948968498250,118
1789588200,2026-09-16T19:50:00Z,4365357375,1115007755687916,1115009726956041,118
1789588261,2026-09-16T19:51:01Z,4392920583,1115065507618250,1115070479473708,118
1789588321,2026-09-16T19:52:01Z,4428272750,1115128509793416,1115131235143583,118
1789588382,2026-09-16T19:53:02Z,4458828750,1115191504533041,1115192123590666,232
1789588443,2026-09-16T19:54:03Z,4483928000,1115249261713458,1115253019417000,118
1789588504,2026-09-16T19:55:04Z,4513704583,1115312261580666,1115313769536458,118
1789588565,2026-09-16T19:56:05Z,4541941791,1115370013510666,1115374558226125,118
1789588626,2026-09-16T19:57:06Z,4577880541,1115433009596708,1115435291538000,118
1789588686,2026-09-16T19:58:06Z,4604048625,1115490755045000,1115496155095666,232
1789588747,2026-09-16T19:59:07Z,4634714333,1115553767516375,1115557013881083,118
1789588808,2026-09-16T20:00:08Z,4665882666,1115616767882125,1115617890363750,224
1789588869,2026-09-16T20:01:09Z,4691258166,1115674516901041,1115678636061375,118
1789588930,2026-09-16T20:02:10Z,4727554041,1115737308208083,1115739366334916,141
1789588990,2026-09-16T20:03:10Z,4753209708,1115795055027750,1115800241366375,141
1789589051,2026-09-16T20:04:11Z,4784426916,1115858055613541,1115861136389375,141
1789589112,2026-09-16T20:05:12Z,4813811583,1115921053046000,1115922004849208,256
1789589173,2026-09-16T20:06:13Z,4840855333,1115978802621125,1115982878834750,141
1789589234,2026-09-16T20:07:14Z,4877130333,1116041799765000,1116043773093083,141
1789589295,2026-09-16T20:08:15Z,4905178041,1116099560245000,1116104665009541,141
1789589356,2026-09-16T20:09:16Z,4935631833,1116162558020958,1116165560708875,141
1789589417,2026-09-16T20:10:17Z,4961859791,1116225559091333,1116226442165666,256
1789589478,2026-09-16T20:11:18Z,4988526291,1116283300845958,1116287344495416,141
1789589539,2026-09-16T20:12:19Z,5024219083,1116346156928750,1116348193795333,141
1789589599,2026-09-16T20:13:19Z,5052824708,1116403909193083,1116409019108416,141
1789589660,2026-09-16T20:14:20Z,5083652000,1116466898313708,1116469864704541,141
1789589721,2026-09-16T20:15:21Z,5115110791,1116529907500375,1116530728630916,256
1789589782,2026-09-16T20:16:22Z,5143290500,1116587653492875,1116591480049875,141
1789589843,2026-09-16T20:17:23Z,5179682458,1116650360441916,1116652393119291,141
1789589904,2026-09-16T20:18:24Z,5208012166,1116708101105958,1116713278778375,141
1789589964,2026-09-16T20:19:24Z,5238579375,1116771105990000,1116774018125833,141
1789590025,2026-09-16T20:20:25Z,5268977416,1116834096150041,1116834765578458,256
1789590086,2026-09-16T20:21:26Z,5297824583,1116891855759041,1116895502561416,141
1789590147,2026-09-16T20:22:27Z,5333573125,1116954848912583,1116956227494333,141
1789590207,2026-09-16T20:23:27Z,5362318625,1117012597257583,1117016965151458,141
1789590268,2026-09-16T20:24:28Z,5393113875,1117075598960250,1117077717228291,141
1789590329,2026-09-16T20:25:29Z,5418418916,1117133347741708,1117138598048583,256
1789590390,2026-09-16T20:26:30Z,5448434875,1117196351771250,1117199480530500,141
1789590451,2026-09-16T20:27:31Z,5482587333,1117259274075500,1117260414910583,141
1789590512,2026-09-16T20:28:32Z,5510170000,1117317024202791,1117321287367250,141
1789590572,2026-09-16T20:29:32Z,5537644500,1117380022843291,1117382029619000,141
1789590633,2026-09-16T20:30:33Z,5565912916,1117437786318833,1117442895234083,141
1789590694,2026-09-16T20:31:34Z,5595031458,1117500769436750,1117503631563916,141
1789590755,2026-09-16T20:32:35Z,5632142750,1117563773446625,1117564510575250,256
1789590816,2026-09-16T20:33:36Z,5660814208,1117621521295291,1117625370473875,141
1789590876,2026-09-16T20:34:36Z,5692224875,1117684537968583,1117686113382833,141
1789590937,2026-09-16T20:35:37Z,5720268916,1117742286374458,1117746971346208,141
1789590998,2026-09-16T20:36:38Z,5749646166,1117805275754166,1117807871440291,141
1789591059,2026-09-16T20:37:39Z,5785402291,1117868274159166,1117868578601250,256
1789591120,2026-09-16T20:38:40Z,5813872041,1117926030331416,1117929374527541,141
1789591181,2026-09-16T20:39:41Z,5844653000,1117989027697125,1117990268020750,141
1789591242,2026-09-16T20:40:42Z,5872310416,1118046777113666,1118051139448833,141
1789591302,2026-09-16T20:41:42Z,5904800500,1118109778093541,1118111986282791,141
1789591363,2026-09-16T20:42:43Z,5936167666,1118167514679083,1118172861694333,256
1789591424,2026-09-16T20:43:44Z,5964933666,1118230524594458,1118233633696333,141
1789591485,2026-09-16T20:44:45Z,5993655250,1118293523901333,1118294526969958,256
1789591546,2026-09-16T20:45:46Z,6022244125,1118351278031083,1118355410865000,141
1789591607,2026-09-16T20:46:47Z,6052260750,1118414271520791,1118416257299041,141
1789591668,2026-09-16T20:47:48Z,6085770208,1118472014474458,1118477134925375,141
1789591728,2026-09-16T20:48:48Z,6117250250,1118535036684166,1118537992144666,141
1789591789,2026-09-16T20:49:49Z,6148211833,1118598025736625,1118598888088083,256
1789591850,2026-09-16T20:50:50Z,6176831708,1118655785730833,1118659772826125,141
1789591911,2026-09-16T20:51:51Z,6204642541,1118718792197958,1118720518931958,141
1789591972,2026-09-16T20:52:52Z,6236774125,1118776543842125,1118781404004958,141
1789592033,2026-09-16T20:53:53Z,6267476666,1118839541159541,1118842156913875,141
1789592093,2026-09-16T20:54:53Z,6298604541,1118902525875791,1118903008833041,256
1789592154,2026-09-16T20:55:54Z,6327084291,1118960294133375,1118963758642583,141
1789592215,2026-09-16T20:56:55Z,6357058333,1119023273276750,1119024499715291,141
1789592276,2026-09-16T20:57:56Z,6381603666,1119080807026750,1119085227004375,141
1789592336,2026-09-16T20:58:56Z,6412341375,1119143789119208,1119145982087000,141
1789592397,2026-09-16T20:59:57Z,6439315541,1119201552388750,1119206747255333,141
1789592458,2026-09-16T21:00:58Z,6465642416,1119264544187166,1119267478038291,141
1789592519,2026-09-16T21:01:59Z,6495052125,1119327540096791,1119328190192458,256
1789592579,2026-09-16T21:02:59Z,6527490208,1119385291395541,1119388901081833,141
1789592640,2026-09-16T21:04:00Z,6556265250,1119448295625666,1119449642707208,141
1789592701,2026-09-16T21:05:01Z,6584725500,1119506049920791,1119510511842375,141
1789592762,2026-09-16T21:06:02Z,6615086708,1119569042083291,1119571373242583,141
1789592822,2026-09-16T21:07:02Z,6642553000,1119626797564208,1119632126401291,256
1789592883,2026-09-16T21:08:03Z,6677676958,1119689792535208,1119692979997416,141
1789592944,2026-09-16T21:09:04Z,6707717708,1119752804987208,1119753865434000,144
1789593005,2026-09-16T21:10:05Z,6733792083,1119810538014166,1119814747691000,141
1789593066,2026-09-16T21:11:06Z,6762997958,1119873550724833,1119875635395666,141
1789593127,2026-09-16T21:12:07Z,6790880458,1119931291940166,1119936533135833,256
1789593188,2026-09-16T21:13:08Z,6824275208,1119994151462708,1119997431241875,141
1789593249,2026-09-16T21:14:09Z,6855859041,1120057143485416,1120058314686375,141
1789593310,2026-09-16T21:15:10Z,6884942666,1120114911228000,1120119196733125,141
1789593370,2026-09-16T21:16:10Z,6915022458,1120177897909666,1120180068440958,141
1789593431,2026-09-16T21:17:11Z,6948746166,1120240350408791,1120240953428083,256
1789593492,2026-09-16T21:18:12Z,6978850875,1120298648247500,1120301857080916,141
1789593553,2026-09-16T21:19:13Z,7009969375,1120361648704708,1120362771514958,256
1789593614,2026-09-16T21:20:14Z,7038641166,1120419402882541,1120423519445166,141
1789593675,2026-09-16T21:21:15Z,7069663833,1120482399400166,1120484302915958,141
1789593735,2026-09-16T21:22:15Z,7102735083,1120541112737666,1120545045356125,141
1789593796,2026-09-16T21:23:16Z,7131815708,1120603150923416,1120605818781333,141
1789593857,2026-09-16T21:24:17Z,7162669041,1120666146895916,1120666565574541,256
1789593918,2026-09-16T21:25:18Z,7190563416,1120723895845791,1120727345410458,141
1789593978,2026-09-16T21:26:18Z,7219474541,1120786892932416,1120788061541083,141
1789594039,2026-09-16T21:27:19Z,7245249583,1120844651159416,1120848785495958,141
1789594100,2026-09-16T21:28:20Z,7277140875,1120907641892666,1120909646515000,141
1789594161,2026-09-16T21:29:21Z,7305597166,1120965400671458,1120970511542916,141
1789594222,2026-09-16T21:30:22Z,7336995458,1121028390187625,1121031407884000,141
1789594283,2026-09-16T21:31:23Z,7368305875,1121091396673000,1121092267499708,256
1789594343,2026-09-16T21:32:23Z,7400999458,1121149140556125,1121153131062000,141
1789594404,2026-09-16T21:33:24Z,7433229250,1121212150368833,1121213856752833,141
1789594465,2026-09-16T21:34:25Z,7462326666,1121269901991500,1121274727984125,141
1789594526,2026-09-16T21:35:26Z,7491567833,1121332889314833,1121335592328208,141
1789594587,2026-09-16T21:36:27Z,7520056458,1121395891803500,1121396460612958,256
1789594648,2026-09-16T21:37:28Z,7553919416,1121453638967041,1121457332656750,141
1789594709,2026-09-16T21:38:29Z,7582379958,1121516651535750,1121518195120000,141
1789594769,2026-09-16T21:39:29Z,7611434916,1121574387332666,1121579060020250,141
1789594830,2026-09-16T21:40:30Z,7642014375,1121637391093666,1121639937237333,141
1789594891,2026-09-16T21:41:31Z,7669996041,1121700389327750,1121700815711166,256
1789594952,2026-09-16T21:42:32Z,7700409000,1121758151682958,1121761693428166,141
1789595013,2026-09-16T21:43:33Z,7731146875,1121821139243625,1121822561237708,141
1789595074,2026-09-16T21:44:34Z,7759051416,1121878901672333,1121883471165500,141
1789595135,2026-09-16T21:45:35Z,7789038708,1121941894375125,1121944347594416,141
1789595195,2026-09-16T21:46:36Z,7816951541,1121999639209875,1122005125505750,256
1789595256,2026-09-16T21:47:36Z,7853455583,1122062360576541,1122065860735375,141
1789595317,2026-09-16T21:48:37Z,7884761125,1122125352383083,1122126738461958,141
1789595378,2026-09-16T21:49:38Z,7912270625,1122183100272000,1122187601936625,141
1789595439,2026-09-16T21:50:39Z,7942305708,1122246108038750,1122248448025500,141
1789595500,2026-09-16T21:51:40Z,7971912958,1122303862068291,1122309314287708,256
1789595561,2026-09-16T21:52:41Z,8005938416,1122366769016708,1122370189766708,141
1789595621,2026-09-16T21:53:41Z,8037217916,1122429781697625,1122430937130166,236
1789595682,2026-09-16T21:54:42Z,8065596916,1122487520323791,1122491824664250,141
1789595743,2026-09-16T21:55:43Z,8094762541,1122550525165500,1122552689652250,141
1789595804,2026-09-16T21:56:44Z,8123206250,1122608265158166,1122613565468458,256
1789595865,2026-09-16T21:57:45Z,8159758875,1122671033803125,1122674439471000,141
1789595926,2026-09-16T21:58:46Z,8190506500,1122734019950833,1122735189254958,141
1789595986,2026-09-16T21:59:46Z,8215143541,1122791785280958,1122796049960458,141
1789596047,2026-09-16T22:00:47Z,8246132958,1122854787028958,1122856923126416,141
1789596108,2026-09-16T22:01:48Z,8270187916,1122912525232125,1122917798042833,256
1789596169,2026-09-16T22:02:49Z,8303409083,1122975527613208,1122978670162916,141
1789596230,2026-09-16T22:03:50Z,8333993375,1123038535527666,1123039528455291,144
1789596291,2026-09-16T22:04:51Z,8362272083,1123096269318625,1123100406491041,141
1789596352,2026-09-16T22:05:52Z,8393083500,1123159269805750,1123161293129750,141
1789596412,2026-09-16T22:06:52Z,8418904666,1123217017878666,1123222028840458,141
1789596473,2026-09-16T22:07:53Z,8452556000,1123280024119375,1123282781467208,141
1789596534,2026-09-16T22:08:54Z,8481961250,1123343021041833,1123343523243125,256
1789596595,2026-09-16T22:09:55Z,8507931916,1123400774783458,1123404259711416,141
1789596655,2026-09-16T22:10:55Z,8537533208,1123463764891583,1123465014087375,141
1789596716,2026-09-16T22:11:56Z,8567764583,1123521525245666,1123525762546416,141
1789596777,2026-09-16T22:12:57Z,8601408250,1123584518705708,1123586526586416,141
1789596838,2026-09-16T22:13:58Z,8629710333,1123642273409750,1123647274807041,141
1789596899,2026-09-16T22:14:59Z,8661108708,1123705272302416,1123708196041291,141
1789596959,2026-09-16T22:15:59Z,8688697208,1123768263926083,1123768959481458,256
1789597020,2026-09-16T22:17:00Z,8717207458,1123826027398291,1123829973687333,141
1789597081,2026-09-16T22:18:01Z,8751173791,1123888599100125,1123890874375458,141
1789597142,2026-09-16T22:19:02Z,8778010500,1123946356671541,1123951622539291,256
1789597203,2026-09-16T22:20:03Z,8805913916,1124009351249375,1124012375947625,141
1789597263,2026-09-16T22:21:03Z,8834365125,1124072352569500,1124073131162250,256
1789597324,2026-09-16T22:22:04Z,8862640625,1124130097654791,1124133887226583,141
1789597385,2026-09-16T22:23:05Z,8896039250,1124193068219291,1124194691141416,141
1789597446,2026-09-16T22:24:06Z,8923750250,1124250814823125,1124255446678916,141
1789597507,2026-09-16T22:25:07Z,8954845416,1124313825405125,1124316200735333,141
1789597567,2026-09-16T22:26:07Z,8981175250,1124371564337625,1124376933501500,256
1789597628,2026-09-16T22:27:08Z,9011618875,1124434586896041,1124437695663333,141
1789597689,2026-09-16T22:28:09Z,9046888208,1124497578995250,1124498448261083,256
1789597750,2026-09-16T22:29:10Z,9072912208,1124555330504125,1124559315174291,141
1789597810,2026-09-16T22:30:10Z,9103497375,1124618332618791,1124620039695625,141
1789597871,2026-09-16T22:31:11Z,9131353958,1124676075532666,1124680906028250,141
1789597932,2026-09-16T22:32:12Z,9159271041,1124739085037291,1124741667968625,141
1789597993,2026-09-16T22:33:13Z,9193632125,1124802066766166,1124802560831583,256
1789598054,2026-09-16T22:34:14Z,9221654291,1124859825113666,1124863464922208,141
1789598115,2026-09-16T22:35:15Z,9251338041,1124922829580458,1124924357504250,141
1789598176,2026-09-16T22:36:16Z,9278665250,1124980574433416,1124985277209250,141
1789598236,2026-09-16T22:37:16Z,9306929958,1125043573961833,1125046137891541,141
1789598297,2026-09-16T22:38:17Z,9340171291,1125106574784416,1125107009671208,256
1789598358,2026-09-16T22:39:18Z,9366073500,1125164324838500,1125167852613500,141
1789598419,2026-09-16T22:40:19Z,9395216750,1125227324883500,1125228737011583,141
1789598480,2026-09-16T22:41:20Z,9421203625,1125285083168791,1125289607360333,141
1789598541,2026-09-16T22:42:21Z,9453314083,1125348064587875,1125350478041833,141
1789598602,2026-09-16T22:43:22Z,9486869250,1125405807628916,1125411212671333,256
1789598662,2026-09-16T22:44:22Z,9516457500,1125468800320875,1125472081275250,141
1789598723,2026-09-16T22:45:23Z,9546352666,1125531808152958,1125532859088875,256
1789598784,2026-09-16T22:46:24Z,9573678958,1125589549497666,1125593602577250,141
1789598845,2026-09-16T22:47:25Z,9604060416,1125652548578083,1125654343156708,141
1789598906,2026-09-16T22:48:26Z,9635358958,1125710303642208,1125715230460916,141
1789598966,2026-09-16T22:49:26Z,9666003041,1125773295295833,1125776110879250,141
1789599027,2026-09-16T22:50:27Z,9695498166,1125836303024333,1125836983220000,256
1789599088,2026-09-16T22:51:28Z,9722614083,1125894047245416,1125897737526458,141
1789599149,2026-09-16T22:52:29Z,9749189375,1125957057207500,1125958496014333,141
1789599210,2026-09-16T22:53:30Z,9779168416,1126014803440250,1126019369179791,141
1789599271,2026-09-16T22:54:31Z,9809259541,1126077802039916,1126080264775166,141
1789599331,2026-09-16T22:55:31Z,9838068750,1126135550425375,1126141130643041,256
1789599392,2026-09-16T22:56:32Z,9865802416,1126198561341500,1126201872409333,141
1789599453,2026-09-16T22:57:33Z,9900613125,1126261399078708,1126262763169000,147
1789599514,2026-09-16T22:58:34Z,9928375875,1126319172802791,1126323658900375,141
1789599575,2026-09-16T22:59:35Z,9958030833,1126382169511875,1126384548185000,141
1789599636,2026-09-16T23:00:36Z,9985932041,1126439913694500,1126445443804791,256
1789599697,2026-09-16T23:01:37Z,10014962791,1126502914376291,1126506210333916,141
1789599757,2026-09-16T23:02:37Z,10051497708,1126565924021958,1126566959796916,256
1789599818,2026-09-16T23:03:38Z,10079881416,1126623676467291,1126627681926583,141
1789599879,2026-09-16T23:04:39Z,10109265083,1126686666807083,1126688411575291,141
1789599940,2026-09-16T23:05:40Z,10137290458,1126744420135083,1126749270943541,141
1789600000,2026-09-16T23:06:40Z,10166253916,1126807422830083,1126810131996541,141
1789600061,2026-09-16T23:07:41Z,10197736000,1126870229770208,1126870868600458,256
1789600122,2026-09-16T23:08:42Z,10226111708,1126927982576083,1126931765064208,141
1789600183,2026-09-16T23:09:43Z,10257105916,1126990966812750,1126992531284791,141
1789600244,2026-09-16T23:10:44Z,10285582666,1127048724248000,1127053414111625,141
1789600304,2026-09-16T23:11:44Z,10313755750,1127111732376458,1127114166623416,141
1789600365,2026-09-16T23:12:45Z,10349282458,1127174524930583,1127174978578791,256
1789600426,2026-09-16T23:13:46Z,10377151041,1127232109155916,1127235883890875,141
1789600487,2026-09-16T23:14:47Z,10408174458,1127295113860666,1127296627261875,141
1789600548,2026-09-16T23:15:48Z,10437113125,1127352846020583,1127357388052208,141
1789600609,2026-09-16T23:16:49Z,10468467125,1127415842767458,1127418255942791,141
1789600669,2026-09-16T23:17:49Z,10500305041,1127473612366416,1127479153013958,256
1789600730,2026-09-16T23:18:50Z,10531136375,1127536609839458,1127540048469166,141
1789600791,2026-09-16T23:19:51Z,10561441000,1127599608377291,1127600813192916,141
1789600852,2026-09-16T23:20:52Z,10588384833,1127657351066791,1127661534999250,141
1789600913,2026-09-16T23:21:53Z,10619774333,1127720349059833,1127722281548208,141
1789600973,2026-09-16T23:22:53Z,10652609333,1127777882149416,1127783014479291,141
1789601034,2026-09-16T23:23:54Z,10679871583,1127840880981125,1127843740190833,141
1789601095,2026-09-16T23:24:55Z,10711090083,1127903872032416,1127904492093041,256
1789601156,2026-09-16T23:25:56Z,10739458208,1127961633285333,1127965238818500,141
1789601216,2026-09-16T23:26:56Z,10770940208,1128024631765375,1128025993970041,141
1789601277,2026-09-16T23:27:57Z,10805295125,1128082373906125,1128086753801500,141
1789601338,2026-09-16T23:28:58Z,10836256375,1128145374857541,1128147475847125,141
1789601399,2026-09-16T23:29:59Z,10863635291,1128203129506750,1128208297700458,141
1789601459,2026-09-16T23:30:59Z,10893510291,1128266134390791,1128269039767375,141
1789601520,2026-09-16T23:32:00Z,10923524166,1128329125940875,1128329740559666,256
1789601581,2026-09-16T23:33:01Z,10951718541,1128386643007625,1128390709121583,141
1789601642,2026-09-16T23:34:02Z,10981998875,1128449636068541,1128451585717125,141
1789601703,2026-09-16T23:35:03Z,11010315500,1128507391479416,1128512454567791,141
1789601764,2026-09-16T23:36:04Z,11038439041,1128570390067250,1128573315944166,141
1789601825,2026-09-16T23:37:05Z,11064308500,1128633381601541,1128634176124958,256
1789601885,2026-09-16T23:38:05Z,11095654541,1128690852391041,1128695059093458,141
1789601946,2026-09-16T23:39:06Z,11126332083,1128753859830541,1128755950604250,141
1789602007,2026-09-16T23:40:07Z,11154557208,1128811596427125,1128816842572541,256
1789602068,2026-09-16T23:41:08Z,11184879250,1128874607413250,1128877745084666,141
1789602129,2026-09-16T23:42:09Z,11217420875,1128937611350791,1128938631629125,256
1789602190,2026-09-16T23:43:10Z,11248658916,1128995255674708,1128999391937958,141
1789602251,2026-09-16T23:44:11Z,11278619000,1129058267538791,1129060145495833,141
1789602311,2026-09-16T23:45:11Z,11302694125,1129116003856958,1129121026330500,141
1789602372,2026-09-16T23:46:12Z,11334018125,1129179006439083,1129181910303875,141
1789602433,2026-09-16T23:47:13Z,11362659083,1129242003185583,1129242800980083,256
1789602494,2026-09-16T23:48:14Z,11395915333,1129299743555333,1129303702871208,141
1789602555,2026-09-16T23:49:15Z,11425589000,1129362758996833,1129364575199583,141
1789602616,2026-09-16T23:50:16Z,11452536916,1129420497583125,1129425325553416,141
1789602677,2026-09-16T23:51:17Z,11482164208,1129483494397458,1129486238366583,141
1789602737,2026-09-16T23:52:17Z,11512727750,1129546491822500,1129547097501250,256
1789602798,2026-09-16T23:53:18Z,11542983416,1129604242365125,1129607957393166,141
1789602859,2026-09-16T23:54:19Z,11571341833,1129667238116333,1129668804161916,141
1789602920,2026-09-16T23:55:20Z,11599807541,1129724993657375,1129729699850166,141
1789602981,2026-09-16T23:56:21Z,11626465958,1129787998606500,1129790452856625,141
1789603042,2026-09-16T23:57:22Z,11649976625,1129845759991041,1129851317331333,256
1789603103,2026-09-16T23:58:23Z,11681250166,1129908517823250,1129912177404333,141
1789603163,2026-09-16T23:59:23Z,11711928666,1129971525246875,1129973053496291,141
1789603224,2026-09-17T00:00:24Z,11739643750,1130029265018250,1130033926516458,141
1789603285,2026-09-17T00:01:25Z,11770292916,1130092264681291,1130094817005291,141
1789603346,2026-09-17T00:02:26Z,11801166166,1130155273558125,1130155563477291,256
1789603407,2026-09-17T00:03:27Z,11834119916,1130212855820000,1130216431826375,141
1789603468,2026-09-17T00:04:28Z,11865714583,1130275854592708,1130277201956833,141
1789603528,2026-09-17T00:05:28Z,11891085625,1130333606508125,1130338094212750,141
1789603589,2026-09-17T00:06:29Z,11921217000,1130396609975166,1130398845024250,141
1789603650,2026-09-17T00:07:30Z,11949498416,1130454354234958,1130459609741625,256
1789603711,2026-09-17T00:08:31Z,11981569083,1130517106753791,1130520483832833,141
1789603772,2026-09-17T00:09:32Z,12011494291,1130580096011708,1130581223125666,141
1789603832,2026-09-17T00:10:32Z,12039704541,1130637863117958,1130641965782500,141
1789603893,2026-09-17T00:11:33Z,12070160750,1130700847711750,1130702725662583,141
1789603954,2026-09-17T00:12:34Z,12095976875,1130758612809625,1130763518591166,141
1789604015,2026-09-17T00:13:35Z,12131983041,1130821597114916,1130824267971125,141
1789604076,2026-09-17T00:14:36Z,12162123375,1130884602523166,1130885147578333,256
1789604136,2026-09-17T00:15:36Z,12187510750,1130942359958625,1130945879535875,141
1789604197,2026-09-17T00:16:37Z,12218866250,1131005356264958,1131006765120208,141
1789604258,2026-09-17T00:17:38Z,12247775333,1131063107569208,1131067618051750,141
1789604319,2026-09-17T00:18:39Z,12280485375,1131126001511916,1131128546930166,141
1789604380,2026-09-17T00:19:40Z,12310967333,1131188997609000,1131189287985166,256
1789604440,2026-09-17T00:20:40Z,12336048250,1131246744594375,1131250023229708,141
1789604501,2026-09-17T00:21:41Z,12366643708,1131309741807708,1131310776972208,144
1789604562,2026-09-17T00:22:42Z,12390726875,1131367492291041,1131371517799458,141
1789604623,2026-09-17T00:23:43Z,12425763250,1131430481874875,1131432240720833,141
1789604683,2026-09-17T00:24:43Z,12452162166,1131488232086583,1131493003565375,141
1789604744,2026-09-17T00:25:44Z,12481730208,1131551242897666,1131553769839250,141
1789604805,2026-09-17T00:26:45Z,12512860958,1131614234074125,1131614528225541,256
1789604866,2026-09-17T00:27:46Z,12542792750,1131674028106375,1131675402104000,141
1789604927,2026-09-17T00:28:47Z,12575562791,1131734984569208,1131736263593791,141
1789604988,2026-09-17T00:29:48Z,12603283875,1131792744518000,1131797156617083,141
1789605048,2026-09-17T00:30:48Z,12632866375,1131855744107500,1131858020643625,141
1789605109,2026-09-17T00:31:49Z,12661278708,1131913480604583,1131918909202041,256
1789605170,2026-09-17T00:32:50Z,12697812416,1131978784526875,1131979782525958,256
1789605231,2026-09-17T00:33:51Z,12728840250,1132039483376375,1132040538433041,256
1789605292,2026-09-17T00:34:52Z,12755130125,1132097240767833,1132101405370708,141
1789605353,2026-09-17T00:35:53Z,12784876916,1132160241074291,1132162147887875,141
1789605413,2026-09-17T00:36:53Z,12812069541,1132217985780208,1132222901647625,141
1789605474,2026-09-17T00:37:54Z,12849198041,1132281174155291,1132283645077000,141
1789605535,2026-09-17T00:38:55Z,12879351958,1132343981803708,1132344371228708,256
1789605596,2026-09-17T00:39:56Z,12906031125,1132401747303541,1132405126146250,141
1789605656,2026-09-17T00:40:56Z,12937042083,1132464745423375,1132465887402583,141
1789605717,2026-09-17T00:41:57Z,12965476666,1132522483224583,1132526635312875,141
1789605778,2026-09-17T00:42:58Z,12997699041,1132585482971625,1132587389204458,141
1789605839,2026-09-17T00:43:59Z,13025500750,1132643231703833,1132648122988416,141
1789605899,2026-09-17T00:44:59Z,13055270750,1132706239258458,1132708874284375,141
1789605960,2026-09-17T00:46:00Z,13082659041,1132769232200791,1132769753121625,256
1789606021,2026-09-17T00:47:01Z,13111348458,1132826986874000,1132830500247750,141
1789606082,2026-09-17T00:48:02Z,13147678000,1132889988420291,1132891374016000,141
1789606143,2026-09-17T00:49:03Z,13174139708,1132947732910666,1132952129884458,141
1789606203,2026-09-17T00:50:03Z,13204630500,1133010731461833,1133012979526125,141
1789606264,2026-09-17T00:51:04Z,13233283916,1133068484222125,1133073877362166,256
1789606325,2026-09-17T00:52:05Z,13263364541,1133131481268666,1133134752855000,141
1789606386,2026-09-17T00:53:06Z,13300281250,1133194493874791,1133195649738750,256
1789606447,2026-09-17T00:54:07Z,13327622000,1133252243603125,1133256506619125,141
1789606508,2026-09-17T00:55:08Z,13359794833,1133315240396875,1133317365253458,141
1789606568,2026-09-17T00:56:08Z,13388101583,1133372989106666,1133378121466541,141
1789606629,2026-09-17T00:57:09Z,13417936958,1133435987897291,1133438904395458,141
1789606690,2026-09-17T00:58:10Z,13454169416,1133498989520708,1133499810416500,256
1789606751,2026-09-17T00:59:11Z,13481813708,1133556752435250,1133560702547250,141
1789606812,2026-09-17T01:00:12Z,13512727500,1133619742613291,1133621579655458,141
1789606873,2026-09-17T01:01:13Z,13540847750,1133677493732083,1133682447274291,141
1789606934,2026-09-17T01:02:14Z,13569910458,1133740501420791,1133743334317625,141
1789606994,2026-09-17T01:03:14Z,13604136666,1133803484899375,1133804093097666,256
1789607055,2026-09-17T01:04:15Z,13630149500,1133861229543958,1133864975566458,141
1789607116,2026-09-17T01:05:16Z,13657993250,1133924240139291,1133925864679958,141
1789607177,2026-09-17T01:06:17Z,13682373125,1133981984748458,1133986771147875,141
1789607238,2026-09-17T01:07:18Z,13712375833,1134044994432875,1134047623731208,141
1789607299,2026-09-17T01:08:19Z,13746745916,1134107980294000,1134108355058958,256
1789607360,2026-09-17T01:09:20Z,13769791458,1134165751736125,1134169209010166,141
1789607420,2026-09-17T01:10:20Z,13800484916,1134228733727750,1134230069090250,141
1789607481,2026-09-17T01:11:21Z,13828715291,1134286495310083,1134290932839166,141
1789607542,2026-09-17T01:12:22Z,13855878458,1134349482658833,1134351812072166,141
1789607603,2026-09-17T01:13:23Z,13892395750,1134412242428750,1134412532456125,256
1789607664,2026-09-17T01:14:24Z,13919655625,1134470003683416,1134473389696125,141
1789607725,2026-09-17T01:15:25Z,13950963375,1134532981662166,1134534243616416,141
1789607785,2026-09-17T01:16:25Z,13976854541,1134590732457958,1134595118415708,141
1789607846,2026-09-17T01:17:26Z,14005460250,1134653733990083,1134656004036958,141
1789607907,2026-09-17T01:18:27Z,14039830791,1134711485621041,1134716876165500,256
1789607968,2026-09-17T01:19:28Z,14069804666,1134774488215291,1134777646115375,141
1789608029,2026-09-17T01:20:29Z,14098298750,1134837485250458,1134838370849125,256
1789608089,2026-09-17T01:21:29Z,14124116000,1134895245343125,1134899098245916,141
1789608150,2026-09-17T01:22:30Z,14154296916,1134958240294916,1134959894597791,141
1789608211,2026-09-17T01:23:31Z,14188196333,1135015967435958,1135020643834958,141
1789608272,2026-09-17T01:24:32Z,14218126458,1135078970959375,1135081378924500,141
1789608333,2026-09-17T01:25:33Z,14244796958,1135136719442541,1135142129362083,256
1789608393,2026-09-17T01:26:33Z,14276350750,1135199713791000,1135202862749916,141
1789608454,2026-09-17T01:27:34Z,14307123125,1135262716703458,1135263575406958,256
1789608515,2026-09-17T01:28:35Z,14340256833,1135320456571541,1135324427703333,141
1789608576,2026-09-17T01:29:36Z,14372424708,1135383469422875,1135385307904291,141
1789608637,2026-09-17T01:30:37Z,14401031000,1135441205055333,1135446198823291,141
1789608697,2026-09-17T01:31:37Z,14431008750,1135504210069458,1135507021582500,141
1789608758,2026-09-17T01:32:38Z,14461765250,1135567210507041,1135567733093125,256
1789608819,2026-09-17T01:33:39Z,14494423916,1135624963072041,1135628584269666,141
1789608880,2026-09-17T01:34:40Z,14524257208,1135687959182166,1135689437523458,141
1789608941,2026-09-17T01:35:41Z,14552695000,1135745721246041,1135750340818083,141
1789609002,2026-09-17T01:36:42Z,14581446833,1135808715050708,1135811214660125,141
1789609062,2026-09-17T01:37:42Z,14609046333,1135866472958125,1135872092871958,256
1789609123,2026-09-17T01:38:43Z,14644961625,1135929100013708,1135932982255625,141
1789609184,2026-09-17T01:39:44Z,14675494500,1135992109672041,1135993880547916,141
1789609245,2026-09-17T01:40:45Z,14704624666,1136049843147833,1136054630444416,141
1789609306,2026-09-17T01:41:46Z,14734915208,1136112847526541,1136115514322958,141
1789609367,2026-09-17T01:42:47Z,14767162583,1136175855711375,1136176348557375,256
1789609428,2026-09-17T01:43:48Z,14798714500,1136233599581625,1136237165883500,141
1789609488,2026-09-17T01:44:48Z,14829016875,1136296602948708,1136298050716875,141
1789609549,2026-09-17T01:45:49Z,14856432416,1136354348703166,1136358825428416,141
1789609610,2026-09-17T01:46:50Z,14888909958,1136417358258000,1136419573748208,141
1789609671,2026-09-17T01:47:51Z,14918377041,1136475109168083,1136480319156708,244
1789609731,2026-09-17T01:48:51Z,14952484125,1136537870211083,1136541088920666,141
1789609792,2026-09-17T01:49:52Z,14983283333,1136600864353375,1136601826416666,256
1789609853,2026-09-17T01:50:53Z,15010734333,1136658621627875,1136662555282916,141
1789609914,2026-09-17T01:51:54Z,15040594333,1136721616590833,1136723288652666,141
1789609974,2026-09-17T01:52:54Z,15066227375,1136779369846041,1136784021299208,141
1789610035,2026-09-17T01:53:55Z,15101354041,1136842285532125,1136844764931916,141
1789610096,2026-09-17T01:54:56Z,15129174375,1136900032980625,1136905502268250,256
1789610157,2026-09-17T01:55:57Z,15159628166,1136963024727875,1136966258617041,141
1789610217,2026-09-17T01:56:57Z,15190090541,1137026030068583,1137026976790583,256
1789610278,2026-09-17T01:57:58Z,15217325583,1137083774554208,1137087696652833,141
1789610339,2026-09-17T01:58:59Z,15252421500,1137146780292333,1137148396440083,141
1789610400,2026-09-17T02:00:00Z,15279805750,1137204528686583,1137209216966833,141
1789610460,2026-09-17T02:01:00Z,15308702083,1137267524929041,1137270010207958,141
1789610521,2026-09-17T02:02:01Z,15336689583,1137325281642041,1137330783706875,256
1789610582,2026-09-17T02:03:02Z,15365147916,1137388276486458,1137391652232208,141
1789610643,2026-09-17T02:04:03Z,15398997750,1137451273963625,1137452516901916,141
1789610704,2026-09-17T02:05:04Z,15427096125,1137509025381291,1137513416184708,141
1789610765,2026-09-17T02:06:05Z,15458030875,1137572035697041,1137574295626541,141
1789610826,2026-09-17T02:07:06Z,15486093083,1137629777386666,1137635168112125,256
1789610886,2026-09-17T02:08:06Z,15518207458,1137693913735583,1137695910626166,141
1789610947,2026-09-17T02:09:07Z,15548783458,1137755725907125,1137756792982458,144
1789611008,2026-09-17T02:10:08Z,15576663166,1137813474281166,1137817537903708,141
1789611069,2026-09-17T02:11:09Z,15607755208,1137876473735083,1137878252086958,141
1789611130,2026-09-17T02:12:10Z,15635284208,1137934227104916,1137939132395166,141
1789611190,2026-09-17T02:13:10Z,15672229500,1137997571473708,1138000026552833,141
1789611251,2026-09-17T02:14:11Z,15701485500,1138060219666333,1138060894554333,256
1789611312,2026-09-17T02:15:12Z,15730596583,1138117976164125,1138121743454875,141
1789611373,2026-09-17T02:16:13Z,15760184916,1138180977603541,1138182490349083,141
1789611434,2026-09-17T02:17:14Z,15787678500,1138238733392708,1138243394295875,141
1789611495,2026-09-17T02:18:15Z,15819055958,1138301715643125,1138304280734416,141
1789611555,2026-09-17T02:19:15Z,15849286500,1138364720304916,1138365021597708,256
1789611616,2026-09-17T02:20:16Z,15875952250,1138422469796875,1138425752106416,141
1789611677,2026-09-17T02:21:17Z,15906080958,1138485479631208,1138486492165750,256
1789611738,2026-09-17T02:22:18Z,15934799791,1138543221574625,1138547197968250,141
1789611798,2026-09-17T02:23:18Z,15968274000,1138605858770958,1138607931044333,141
1789611859,2026-09-17T02:24:19Z,15996643000,1138663609732541,1138668666316291,141
1789611920,2026-09-17T02:25:20Z,16026765083,1138726606458708,1138729387676583,141
1789611981,2026-09-17T02:26:21Z,16057240833,1138789603685041,1138790260101375,256
1789612041,2026-09-17T02:27:21Z,16085642833,1138847350696750,1138851137089833,141
1789612102,2026-09-17T02:28:22Z,16118445875,1138910349409833,1138912040658375,141
1789612163,2026-09-17T02:29:23Z,16144060500,1138968102778041,1138972912177958,141
1789612224,2026-09-17T02:30:24Z,16174592375,1139031115006375,1139033768622875,141
1789612285,2026-09-17T02:31:25Z,16206678166,1139094098150875,1139094649393250,256
1789612346,2026-09-17T02:32:26Z,16234574041,1139151860494625,1139155393598083,141
1789612407,2026-09-17T02:33:27Z,16270301416,1139214857553916,1139216299038875,141
1789612468,2026-09-17T02:34:28Z,16298917791,1139272602293250,1139277179873666,141
1789612528,2026-09-17T02:35:28Z,16329522125,1139335602417208,1139338065876333,141
1789612589,2026-09-17T02:36:29Z,16356826250,1139393349079125,1139398945537166,256
1789612650,2026-09-17T02:37:30Z,16384543875,1139456356904833,1139459702780833,141
1789612711,2026-09-17T02:38:31Z,16420807666,1139519350058375,1139520579882458,141
1789612772,2026-09-17T02:39:32Z,16448438416,1139577104272666,1139581486018416,141
1789612833,2026-09-17T02:40:33Z,16476949375,1139640098919166,1139642368816166,141
1789612894,2026-09-17T02:41:34Z,16503126291,1139697864912125,1139703288671291,256
1789612955,2026-09-17T02:42:35Z,16530726458,1139760849424416,1139764189400458,141
1789613015,2026-09-17T02:43:35Z,16563729583,1139823616196416,1139825048065625,141
1789613076,2026-09-17T02:44:36Z,16591507666,1139881356323250,1139885937615708,141
1789613137,2026-09-17T02:45:37Z,16620587041,1139944370436333,1139946900570583,141
1789613198,2026-09-17T02:46:38Z,16649729333,1140007361510958,1140007771094000,256
1789613259,2026-09-17T02:47:39Z,16678314083,1140065117640875,1140068612907666,141
1789613320,2026-09-17T02:48:40Z,16714111125,1140128110170791,1140129486667833,141
1789613381,2026-09-17T02:49:41Z,16742505000,1140185871506041,1140190366814875,141
1789613442,2026-09-17T02:50:42Z,16770911833,1140248862571833,1140251255761333,141
1789613502,2026-09-17T02:51:42Z,16798927166,1140306607266708,1140312140759791,256
1789613563,2026-09-17T02:52:43Z,16830352708,1140369618009125,1140373014370291,141
1789613624,2026-09-17T02:53:44Z,16866521958,1140432610116250,1140433917330500,141
1789613685,2026-09-17T02:54:45Z,16894286833,1140490367954958,1140494792635958,141
1789613746,2026-09-17T02:55:46Z,16925720541,1140553366410250,1140555683369791,141
1789613807,2026-09-17T02:56:47Z,16953118541,1140611121844125,1140616555313583,256
1789613868,2026-09-17T02:57:48Z,16984213875,1140674119146083,1140677423841416,141
1789613929,2026-09-17T02:58:49Z,17016886500,1140737111505500,1140738265812125,141
1789613990,2026-09-17T02:59:50Z,17043977583,1140794871453916,1140799127245916,141
1789614050,2026-09-17T03:00:50Z,17075404125,1140857869440125,1140860014097541,141
1789614111,2026-09-17T03:01:51Z,17101586375,1140915617449583,1140920900474791,256
1789614172,2026-09-17T03:02:52Z,17131734500,1140978609952875,1140981798450166,141
1789614233,2026-09-17T03:03:53Z,17168609416,1141041523923416,1141042548498000,256
1789614294,2026-09-17T03:04:54Z,17196970083,1141099275466958,1141103292194666,141
1789614354,2026-09-17T03:05:54Z,17225085291,1141162275155875,1141164036722500,141
1789614415,2026-09-17T03:06:55Z,17252959083,1141220028498333,1141224805537583,141
1789614476,2026-09-17T03:07:56Z,17282968916,1141283017590250,1141285548618458,141
1789614537,2026-09-17T03:08:57Z,17318770291,1141345600001250,1141346288792125,256
1789614597,2026-09-17T03:09:57Z,17348219541,1141403348304708,1141407001355625,141
1789614658,2026-09-17T03:10:58Z,17379267375,1141466360446958,1141467718062500,141
1789614719,2026-09-17T03:11:59Z,17405192500,1141524099675833,1141528423721750,141
1789614780,2026-09-17T03:13:00Z,17436104083,1141587101497666,1141589135165958,141
1789614840,2026-09-17T03:14:00Z,17467530708,1141644762947000,1141649870964000,141
1789614901,2026-09-17T03:15:01Z,17496556208,1141707743794833,1141710779953458,141
1789614962,2026-09-17T03:16:02Z,17528195833,1141770748282166,1141771532909750,256
1789615023,2026-09-17T03:17:03Z,17555280916,1141828495053208,1141832379051208,141
1789615084,2026-09-17T03:18:04Z,17585199208,1141891491134916,1141893277821583,141
1789615145,2026-09-17T03:19:05Z,17617923416,1141949245953375,1141954180050000,141
1789615205,2026-09-17T03:20:05Z,17648488083,1142012248904166,1142014913038208,141
1789615266,2026-09-17T03:21:06Z,17679282083,1142075253824833,1142075688735916,256
1789615327,2026-09-17T03:22:07Z,17707263250,1142132999656291,1142136453913541,141
1789615388,2026-09-17T03:23:08Z,17736810750,1142196007947708,1142197187853625,141
1789615448,2026-09-17T03:24:08Z,17770775125,1142253757518541,1142257910474416,141
1789615509,2026-09-17T03:25:09Z,17800987750,1142316764726833,1142318663922125,141
1789615570,2026-09-17T03:26:10Z,17828243083,1142374507834791,1142379401624000,141
1789615631,2026-09-17T03:27:11Z,17859566875,1142437503825000,1142440139040416,141
1789615691,2026-09-17T03:28:11Z,17889713583,1142500503514625,1142500881289416,256
1789615752,2026-09-17T03:29:12Z,17919885458,1142558256803750,1142561614341500,141
1789615813,2026-09-17T03:30:13Z,17950341208,1142621259371833,1142622474371000,141
1789615874,2026-09-17T03:31:14Z,17975402250,1142679012759250,1142683359312666,141
1789615935,2026-09-17T03:32:15Z,18005275916,1142742001296166,1142744131750791,141
1789615995,2026-09-17T03:33:15Z,18030620333,1142799761374000,1142804888479583,141
1789616056,2026-09-17T03:34:16Z,18063849041,1142862757825708,1142865795075416,141
1789616117,2026-09-17T03:35:17Z,18093129666,1142925761145208,1142926677343041,256
1789616178,2026-09-17T03:36:18Z,18121024500,1142983500230083,1142987522667750,141
1789616239,2026-09-17T03:37:19Z,18151100166,1143046510883750,1143048368463583,141
1789616300,2026-09-17T03:38:20Z,18180105708,1143104263058125,1143109212984041,141
1789616361,2026-09-17T03:39:21Z,18212968583,1143167250662041,1143170108658416,141
1789616421,2026-09-17T03:40:21Z,18240393625,1143230253364958,1143230990204833,256
1789616482,2026-09-17T03:41:22Z,18269134708,1143288000231541,1143291837920833,141
1789616543,2026-09-17T03:42:23Z,18299457833,1143351013913333,1143352694454375,141
1789616604,2026-09-17T03:43:24Z,18327521458,1143408749940500,1143413549036375,141
1789616665,2026-09-17T03:44:25Z,18357821250,1143471525409041,1143474406755125,141
1789616726,2026-09-17T03:45:26Z,18388272000,1143534527724333,1143535294590791,256
1789616787,2026-09-17T03:46:27Z,18415948083,1143592281728625,1143596184830750,141
1789616848,2026-09-17T03:47:28Z,18443899000,1143655266105916,1143657095456416,141
1789616908,2026-09-17T03:48:28Z,18477787708,1143717350993708,1143717974262291,256
1789616969,2026-09-17T03:49:29Z,18508657333,1143775603363375,1143778855854833,141
1789617030,2026-09-17T03:50:30Z,18539777166,1143838608615125,1143839777434041,141
1789617091,2026-09-17T03:51:31Z,18569469708,1143896360517500,1143900652743750,141
1789617152,2026-09-17T03:52:32Z,18600220333,1143959354347750,1143961538475000,141
1789617213,2026-09-17T03:53:33Z,18630792583,1144020423039541,1144022390318000,256
1789617274,2026-09-17T03:54:34Z,18662091583,1144080098925916,1144083283131166,141
1789617335,2026-09-17T03:55:35Z,18692849291,1144143104602000,1144144177939750,256
1789617395,2026-09-17T03:56:35Z,18719890916,1144200848279208,1144205041458833,141
1789617456,2026-09-17T03:57:36Z,18749732625,1144263862224416,1144265901615333,141
1789617517,2026-09-17T03:58:37Z,18783508708,1144321384237083,1144326783618208,256
1789617578,2026-09-17T03:59:38Z,18814083000,1144384404419791,1144387628639708,141
1789617639,2026-09-17T04:00:39Z,18844002833,1144447393208333,1144448475988791,141
1789617700,2026-09-17T04:01:40Z,18871379958,1144505145501541,1144509321542833,141
1789617761,2026-09-17T04:02:41Z,18901471375,1144568142927791,1144570198988583,141
1789617822,2026-09-17T04:03:42Z,18934717750,1144625905564791,1144631083653000,141
1789617882,2026-09-17T04:04:42Z,18966103416,1144688890334666,1144691971957833,141
1789617943,2026-09-17T04:05:43Z,18994470166,1144751903633791,1144752717177250,256
1789618004,2026-09-17T04:06:44Z,19022478875,1144809643442916,1144813567310375,141
1789618065,2026-09-17T04:07:45Z,19052948041,1144872652177041,1144874422864625,141
1789618126,2026-09-17T04:08:46Z,19083949708,1144930199066125,1144935207175125,141
1789618187,2026-09-17T04:09:47Z,19115169375,1144993200089083,1144996082401208,141
1789618247,2026-09-17T04:10:47Z,19144168750,1145056192423416,1145056927356041,256
1789618308,2026-09-17T04:11:48Z,19170824750,1145113953733291,1145117689205333,141
1789618369,2026-09-17T04:12:49Z,19202241583,1145176954787750,1145178578095791,142
1789618430,2026-09-17T04:13:50Z,19234359208,1145234700016250,1145239338235750,142
1789618491,2026-09-17T04:14:51Z,19264278125,1145297692440958,1145300087500416,118
1789618551,2026-09-17T04:15:51Z,19289459333,1145355440400208,1145360946500041,232
1789618612,2026-09-17T04:16:52Z,19319276833,1145418462111666,1145421711504375,118
1789618673,2026-09-17T04:17:53Z,19346566833,1145481453498583,1145482570988083,118
1789618734,2026-09-17T04:18:54Z,19377963583,1145539139672166,1145543329167708,119
1789618795,2026-09-17T04:19:55Z,19408517916,1145602159122208,1145604253628333,119
1789618856,2026-09-17T04:20:56Z,19435537375,1145659900899541,1145665122784208,119
1789618916,2026-09-17T04:21:56Z,19462691583,1145722917935458,1145726006823708,119
1789618977,2026-09-17T04:22:57Z,19491805791,1145785910805541,1145786894450125,233
1789619038,2026-09-17T04:23:58Z,19520658583,1145843659510000,1145847752215458,119
1789619099,2026-09-17T04:24:59Z,19548803291,1145906672207416,1145908625585583,119
1789619160,2026-09-17T04:26:00Z,19578221958,1145964421449000,1145969561267625,119
1789619221,2026-09-17T04:27:01Z,19609282333,1146027411866291,1146030311035791,119
1789619282,2026-09-17T04:28:02Z,19638705291,1146090409152583,1146091206852083,233
1789619342,2026-09-17T04:29:02Z,19673011583,1146147855515833,1146152113619916,119
1789619403,2026-09-17T04:30:03Z,19702472666,1146210852400166,1146212978668250,119
1789619464,2026-09-17T04:31:04Z,19728939583,1146268603475583,1146273851932958,233
1789619525,2026-09-17T04:32:05Z,19756072125,1146331603648791,1146334724720000,119
1789619586,2026-09-17T04:33:06Z,19786236333,1146394612474916,1146395596756708,233
1789619647,2026-09-17T04:34:07Z,19817561666,1146452355021291,1146456467618416,119
1789619708,2026-09-17T04:35:08Z,19847882333,1146515360849708,1146517358246583,119
1789619769,2026-09-17T04:36:09Z,19877354541,1146573109285416,1146578225780125,119
1789619829,2026-09-17T04:37:09Z,19906081291,1146636112103375,1146639103383416,119
1789619890,2026-09-17T04:38:10Z,19935797666,1146699107317625,1146700007106500,233
1789619951,2026-09-17T04:39:11Z,19968189083,1146756858470708,1146760888152833,119
1789620012,2026-09-17T04:40:12Z,19998546083,1146819859403583,1146821765649375,119
1789620073,2026-09-17T04:41:13Z,20026828291,1146877609311916,1146882636167291,119
1789620134,2026-09-17T04:42:14Z,20055953083,1146940604548416,1146943506441333,119
1789620195,2026-09-17T04:43:15Z,20085747541,1147003606639541,1147004268331666,233
1789620255,2026-09-17T04:44:15Z,20117475375,1147061360548708,1147065012133166,119
1789620316,2026-09-17T04:45:16Z,20146812125,1147124353838625,1147125861139291,119
1789620377,2026-09-17T04:46:17Z,20175309291,1147182109928833,1147186721898833,119
1789620438,2026-09-17T04:47:18Z,20205744750,1147245113947916,1147247614701666,119
1789620499,2026-09-17T04:48:19Z,20234733208,1147302861465541,1147308473504916,233
1789620560,2026-09-17T04:49:20Z,20263025083,1147365859600458,1147369334201291,119
1789620621,2026-09-17T04:50:21Z,20293693458,1147428853839291,1147430236507833,119
1789620682,2026-09-17T04:51:22Z,20322115708,1147486612329541,1147491153071291,119
1789620742,2026-09-17T04:52:22Z,20352615250,1147549602882791,1147552062024041,119
1789620803,2026-09-17T04:53:23Z,20381626791,1147607350714750,1147612812974458,233
1789620864,2026-09-17T04:54:24Z,20416906375,1147670335784583,1147673688701125,142
1789620925,2026-09-17T04:55:25Z,20446757666,1147733330794916,1147734581007125,119
1789620986,2026-09-17T04:56:26Z,20474521041,1147791095673583,1147795459829666,119
1789621047,2026-09-17T04:57:27Z,20503533625,1147854081922000,1147856327338375,119
1789621108,2026-09-17T04:58:28Z,20528993208,1147911839617458,1147917200397000,233
1789621168,2026-09-17T04:59:28Z,20563131708,1147974845214833,1147978072041291,119
1789621229,2026-09-17T05:00:29Z,20590641916,1148037841819125,1148038949834916,119
1789621290,2026-09-17T05:01:30Z,20617043416,1148095582951333,1148099805263000,119
1789621351,2026-09-17T05:02:31Z,20644979083,1148158594230666,1148160648673416,119
1789621412,2026-09-17T05:03:32Z,20668157000,1148216336570333,1148221516600916,119
1789621473,2026-09-17T05:04:33Z,20697496333,1148279341923458,1148282377448583,119
1789621534,2026-09-17T05:05:34Z,20726730791,1148342345186916,1148343258925583,233
1789621595,2026-09-17T05:06:35Z,20753630416,1148400082504833,1148404153589125,119
1789621655,2026-09-17T05:07:35Z,20784422416,1148463084467416,1148465017631833,119
1789621716,2026-09-17T05:08:36Z,20810123625,1148520831581625,1148525856205333,119
1789621777,2026-09-17T05:09:37Z,20844803333,1148583831281541,1148586710467041,119
1789621838,2026-09-17T05:10:38Z,20873795041,1148646836204458,1148647595206583,233
1789621899,2026-09-17T05:11:39Z,20902434041,1148704587946791,1148708462761708,119
1789621960,2026-09-17T05:12:40Z,20932174833,1148767586059291,1148769349944291,119
1789622021,2026-09-17T05:13:41Z,20956073916,1148825341535291,1148830223681208,119
1789622082,2026-09-17T05:14:42Z,20989574916,1148888336246583,1148891106095875,119
1789622142,2026-09-17T05:15:42Z,21021196833,1148951337685375,1148951970240125,233
1789622203,2026-09-17T05:16:43Z,21048017666,1149009084112250,1149012840909291,119
1789622264,2026-09-17T05:17:44Z,21079043583,1149072092682833,1149073736422541,119
1789622325,2026-09-17T05:18:45Z,21106487500,1149129840553375,1149134612859416,119
1789622386,2026-09-17T05:19:46Z,21138912541,1149192726096166,1149195365494625,119
1789622447,2026-09-17T05:20:47Z,21169270250,1149255727512250,1149256131847750,233
1789622507,2026-09-17T05:21:47Z,21195375625,1149313487287041,1149316880547958,119
1789622568,2026-09-17T05:22:48Z,21226139625,1149376476928875,1149377647755791,233
1789622629,2026-09-17T05:23:49Z,21255499125,1149435356779458,1149438387044958,119
1789622690,2026-09-17T05:24:50Z,21288016958,1149497233856958,1149499145021791,119
1789622750,2026-09-17T05:25:50Z,21316521041,1149554985697791,1149559900455458,119
1789622811,2026-09-17T05:26:51Z,21346778041,1149617987915875,1149620634284750,119
1789622872,2026-09-17T05:27:52Z,21377352916,1149680981837500,1149681369237916,233
1789622933,2026-09-17T05:28:53Z,21410765916,1149738624387833,1149742122060291,148
1789622993,2026-09-17T05:29:53Z,21434102416,1149801646118583,1149802913428791,142
1789623054,2026-09-17T05:30:54Z,21461164458,1149859414374583,1149863798318791,142
1789623115,2026-09-17T05:31:55Z,21490375125,1149922383971458,1149924538275958,142
1789623176,2026-09-17T05:32:56Z,21518776541,1149980142968958,1149985294171083,142
1789623237,2026-09-17T05:33:57Z,21548519166,1150043129555666,1150046191167416,142
1789623297,2026-09-17T05:34:57Z,21579448416,1150106143810500,1150107034163333,257
1789623358,2026-09-17T05:35:58Z,21606895708,1150163881901708,1150167742075083,142
1789623419,2026-09-17T05:36:59Z,21637056625,1150226885658041,1150228454393083,142
1789623480,2026-09-17T05:38:00Z,21659923291,1150284644087625,1150289188822208,142
1789623540,2026-09-17T05:39:00Z,21696788041,1150347641009583,1150349935572916,142
1789623601,2026-09-17T05:40:01Z,21721723333,1150405392354125,1150410671884333,257
1789623662,2026-09-17T05:41:02Z,21749206708,1150468392689791,1150471408262250,142
1789623723,2026-09-17T05:42:03Z,21780371750,1150531383417833,1150532143487375,257
1789623783,2026-09-17T05:43:03Z,21808625000,1150589134884375,1150592873848708,142
1789623844,2026-09-17T05:44:04Z,21844095166,1150651979350791,1150653764664666,142
1789623905,2026-09-17T05:45:05Z,21870321041,1150709720994458,1150714631848375,142
1789623966,2026-09-17T05:46:06Z,21900646083,1150772728315166,1150775520288750,142
1789624027,2026-09-17T05:47:07Z,21931229666,1150835719423500,1150836406881583,257
1789624088,2026-09-17T05:48:08Z,21959119708,1150893473835208,1150897277328458,142
1789624149,2026-09-17T05:49:09Z,21993858375,1150956489970208,1150958157849166,142
1789624209,2026-09-17T05:50:09Z,22020158166,1151014227857666,1151019020391500,142
1789624270,2026-09-17T05:51:10Z,22050673500,1151077229926666,1151079882098708,142
1789624331,2026-09-17T05:52:11Z,22081041500,1151140227706333,1151140744479000,257
1789624392,2026-09-17T05:53:12Z,22107833875,1151197978888375,1151201639214708,142
1789624453,2026-09-17T05:54:13Z,22143338750,1151260977312416,1151262507723375,142
1789624514,2026-09-17T05:55:14Z,22171563708,1151318723155458,1151323385717583,119
1789624575,2026-09-17T05:56:15Z,22202616458,1151381725950208,1151384259854541,119
1789624636,2026-09-17T05:57:16Z,22230796541,1151439484737291,1151445136576375,233
1789624696,2026-09-17T05:58:16Z,22261459166,1151502473862000,1151505998585333,119
1789624757,2026-09-17T05:59:17Z,22294362583,1151565484832791,1151566913994625,119
1789624818,2026-09-17T06:00:18Z,22323379500,1151623232153541,1151627771578166,119
1789624879,2026-09-17T06:01:19Z,22354751708,1151686230787625,1151688689802833,119
1789624940,2026-09-17T06:02:20Z,22383031125,1151743990280250,1151749557965166,233
1789625001,2026-09-17T06:03:21Z,22414470833,1151806982145666,1151810425195291,119
1789625062,2026-09-17T06:04:22Z,22447795000,1151869892926791,1151871320701166,119
1789625123,2026-09-17T06:05:23Z,22476416416,1151927634709541,1151932200327583,119
1789625184,2026-09-17T06:06:24Z,22506750375,1151990644653791,1151993077090000,119
1789625244,2026-09-17T06:07:24Z,22534370333,1152048388366875,1152053941514708,233
1789625305,2026-09-17T06:08:25Z,22564573750,1152111394119416,1152114831946291,119
1789625366,2026-09-17T06:09:26Z,22600040916,1152174393437333,1152175686934750,119
1789625427,2026-09-17T06:10:27Z,22628608750,1152232153967666,1152236544593791,119
1789625488,2026-09-17T06:11:28Z,22660664833,1152295130960833,1152297439040625,119
1789625549,2026-09-17T06:12:29Z,22688460666,1152352889696666,1152358330785208,233
1789625610,2026-09-17T06:13:30Z,22718540875,1152415889403416,1152419208001375,119
1789625671,2026-09-17T06:14:31Z,22754666000,1152478610440458,1152480046828666,142
1789625731,2026-09-17T06:15:31Z,22782306250,1152536358264375,1152540917435625,142
1789625792,2026-09-17T06:16:32Z,22811727291,1152599357227583,1152601775779708,142
1789625853,2026-09-17T06:17:33Z,22841555916,1152657104747541,1152662638134833,257
1789625914,2026-09-17T06:18:34Z,22869416541,1152720097962916,1152723533373333,142
1789625975,2026-09-17T06:19:35Z,22903411958,1152783105834500,1152784323452041,142
1789626036,2026-09-17T06:20:36Z,22931940083,1152840848446708,1152845055586750,142
1789626096,2026-09-17T06:21:36Z,22963127125,1152903856165875,1152905779353333,142
1789626157,2026-09-17T06:22:37Z,22987105875,1152961598969208,1152966623199708,142
1789626218,2026-09-17T06:23:38Z,23017369750,1153024612474708,1153027519040000,142
1789626279,2026-09-17T06:24:39Z,23051818708,1153087600352875,1153088401901791,257
1789626340,2026-09-17T06:25:40Z,23078652458,1153145359799666,1153149271230833,119
1789626401,2026-09-17T06:26:41Z,23109666041,1153208361830708,1153210137434291,119
1789626461,2026-09-17T06:27:41Z,23137625916,1153266110118958,1153271012107791,119
1789626522,2026-09-17T06:28:42Z,23167981916,1153329097802541,1153331893001583,119
1789626583,2026-09-17T06:29:43Z,23204076958,1153392104119416,1153392788069875,233
1789626644,2026-09-17T06:30:44Z,23232485291,1153449850849375,1153453668040750,119
1789626705,2026-09-17T06:31:45Z,23263887958,1153512857382916,1153514518396458,119
1789626766,2026-09-17T06:32:46Z,23290988291,1153570608481500,1153575378763250,119
1789626827,2026-09-17T06:33:47Z,23319603500,1153633603891458,1153636255503583,119
1789626888,2026-09-17T06:34:48Z,23356972208,1153696602364583,1153697157925875,233
1789626948,2026-09-17T06:35:48Z,23385727333,1153754353595250,1153757878535708,119
1789627009,2026-09-17T06:36:49Z,23416690875,1153817351944291,1153818785743666,119
1789627070,2026-09-17T06:37:50Z,23444745750,1153875100644875,1153879671346833,119
1789627131,2026-09-17T06:38:51Z,23474237041,1153938112802875,1153940530155541,119
1789627192,2026-09-17T06:39:52Z,23507090250,1153995859524666,1154001453569125,233
1789627253,2026-09-17T06:40:53Z,23536997375,1154058855272625,1154062333989291,119
1789627314,2026-09-17T06:41:54Z,23568035375,1154121859005375,1154123065529875,119
1789627374,2026-09-17T06:42:54Z,23595151416,1154179609544416,1154183927056041,119
1789627435,2026-09-17T06:43:55Z,23624813625,1154242599738166,1154244673216333,119
1789627496,2026-09-17T06:44:56Z,23656994125,1154300285370958,1154305408310791,119
1789627557,2026-09-17T06:45:57Z,23687823958,1154363273593791,1154366153502333,119
1789627617,2026-09-17T06:46:57Z,23717293291,1154426273143083,1154426909878625,233
1789627678,2026-09-17T06:47:58Z,23744878916,1154484022310666,1154487795240250,119
1789627739,2026-09-17T06:48:59Z,23777049083,1154548020044250,1154548698710000,233
1789627800,2026-09-17T06:50:00Z,23806538916,1154604782117208,1154609486371083,119
1789627861,2026-09-17T06:51:01Z,23837423708,1154667797012708,1154670276694500,119
1789627922,2026-09-17T06:52:02Z,23862704958,1154725527556166,1154731204941541,233
1789627983,2026-09-17T06:53:03Z,23890844333,1154788522586833,1154792086385041,119
1789628043,2026-09-17T06:54:03Z,23926830375,1154852192781458,1154852978423291,233
1789628104,2026-09-17T06:55:04Z,23954147375,1154909323152791,1154913843141250,119
1789628165,2026-09-17T06:56:05Z,23979498250,1154972284729458,1154974780765625,119
1789628226,2026-09-17T06:57:06Z,24005112208,1155030030441041,1155035680848291,233
1789628287,2026-09-17T06:58:07Z,24035358125,1155093031183750,1155096401560958,119
1789628348,2026-09-17T06:59:08Z,24065267958,1155156024442750,1155157255016166,119
1789628409,2026-09-17T07:00:09Z,24093181750,1155213780749416,1155218107349916,119
1789628469,2026-09-17T07:01:09Z,24121321500,1155276776195083,1155278842986791,119
1789628530,2026-09-17T07:02:10Z,24148423916,1155334525584375,1155339753209083,233
1789628591,2026-09-17T07:03:11Z,24178445291,1155397535669541,1155400605944083,119
1789628652,2026-09-17T07:04:12Z,24210719875,1155460535878291,1155461487288333,233
1789628713,2026-09-17T07:05:13Z,24239270583,1155518278027416,1155522211573250,119
1789628774,2026-09-17T07:06:14Z,24267694083,1155581286365041,1155583098825708,119
1789628834,2026-09-17T07:07:14Z,24293069625,1155639021965166,1155643822525458,119
1789628895,2026-09-17T07:08:15Z,24321816500,1155702026686458,1155704677788125,119
1789628956,2026-09-17T07:09:16Z,24356252875,1155765028044333,1155765467030916,233
1789629017,2026-09-17T07:10:17Z,24383803916,1155822775487375,1155826415134041,119
1789629078,2026-09-17T07:11:18Z,24414361500,1155885776561291,1155887289380666,119
1789629138,2026-09-17T07:12:18Z,24439611500,1155943527023333,1155948058005166,119
1789629199,2026-09-17T07:13:19Z,24470249375,1156006535965833,1156008816306375,119
1789629260,2026-09-17T07:14:20Z,24498638208,1156064271080291,1156069708274583,233
1789629321,2026-09-17T07:15:21Z,24528224500,1156127270405875,1156130437380000,119
1789629382,2026-09-17T07:16:22Z,24556699000,1156190268510625,1156191211399208,233
1789629442,2026-09-17T07:17:22Z,24582813041,1156248046104291,1156251997422750,119
1789629503,2026-09-17T07:18:23Z,24610941000,1156311020731791,1156312828237041,119
1789629564,2026-09-17T07:19:24Z,24643928958,1156368786075666,1156373614175166,119
1789629625,2026-09-17T07:20:25Z,24674135666,1156431788257166,1156434342738333,119
1789629686,2026-09-17T07:21:26Z,24703543208,1156494778334791,1156495298968333,233
1789629747,2026-09-17T07:22:27Z,24730146291,1156552529393125,1156556207737333,119
1789629807,2026-09-17T07:23:27Z,24759680708,1156615524337041,1156616962324000,119
1789629868,2026-09-17T07:24:28Z,24793253291,1156673202007208,1156677709849625,143
1789629929,2026-09-17T07:25:29Z,24822202833,1156736204088541,1156738447414041,119
1789629990,2026-09-17T07:26:30Z,24849667750,1156793947190583,1156799212813875,233
1789630050,2026-09-17T07:27:30Z,24879094875,1156856953616875,1156859912101250,119
1789630111,2026-09-17T07:28:31Z,24904360208,1156919951188000,1156920640699083,233
1789630172,2026-09-17T07:29:32Z,24933786583,1156977699343708,1156981358301333,119
1789630233,2026-09-17T07:30:33Z,24962394750,1157040697444375,1157042186673208,119
1789630293,2026-09-17T07:31:33Z,24990235000,1157098451261083,1157102947863500,119
1789630354,2026-09-17T07:32:34Z,25015824416,1157161447439083,1157163678741750,119
1789630415,2026-09-17T07:33:35Z,25043106541,1157219206100916,1157224427034166,233
1789630476,2026-09-17T07:34:36Z,25076671083,1157282209079083,1157285176933083,119
1789630536,2026-09-17T07:35:36Z,25105850125,1157345201616416,1157345898134416,233
1789630597,2026-09-17T07:36:37Z,25133518916,1157402957056125,1157406656606708,119
1789630658,2026-09-17T07:37:38Z,25164512958,1157465959030125,1157467430508458,119
1789630719,2026-09-17T07:38:39Z,25191448666,1157523704707500,1157528161374458,119
1789630779,2026-09-17T07:39:39Z,25226038791,1157586701013125,1157588961960666,119
1789630840,2026-09-17T07:40:40Z,25254166583,1157644463646041,1157649705503291,233
1789630901,2026-09-17T07:41:41Z,25284795166,1157707458544583,1157710477666625,119
1789630962,2026-09-17T07:42:42Z,25315275875,1157770451595291,1157771389406083,233
1789631023,2026-09-17T07:43:43Z,25338923958,1157828213508541,1157832145641083,119
1789631083,2026-09-17T07:44:43Z,25372234333,1157891210391166,1157892897683750,119
1789631144,2026-09-17T07:45:44Z,25399673416,1157948959390208,1157953651940583,119
1789631205,2026-09-17T07:46:45Z,25430782916,1158011953231500,1158014371814833,119
1789631266,2026-09-17T07:47:46Z,25458712750,1158069704177750,1158075285423166,233
1789631326,2026-09-17T07:48:46Z,25488879333,1158132700233583,1158136033384166,119
1789631387,2026-09-17T07:49:47Z,25524713583,1158195518885666,1158196769284166,119
1789631448,2026-09-17T07:50:48Z,25550385916,1158253276158083,1158257754968416,119
1789631509,2026-09-17T07:51:49Z,25580902083,1158316271085500,1158318549787208,119
1789631570,2026-09-17T07:52:50Z,25608637666,1158374036993125,1158379313841291,233
1789631631,2026-09-17T07:53:51Z,25639852916,1158437027961083,1158440082304041,119
1789631691,2026-09-17T07:54:51Z,25674344750,1158500037482000,1158501014860708,233
1789631752,2026-09-17T07:55:52Z,25702308500,1158557781130291,1158561755632416,119
1789631813,2026-09-17T07:56:53Z,25732067833,1158620781269958,1158622468515916,119
1789631874,2026-09-17T07:57:54Z,25759909000,1158678535719208,1158683198335458,119
1789631934,2026-09-17T07:58:54Z,25789801708,1158741524035041,1158744027439666,119
1789631995,2026-09-17T07:59:55Z,25821214708,1158804369507291,1158804846824250,233
1789632056,2026-09-17T08:00:56Z,25849010875,1158862127650416,1158865618039250,119
1789632117,2026-09-17T08:01:57Z,25878698083,1158925122807000,1158926368076708,119
1789632178,2026-09-17T08:02:58Z,25906040416,1158982868591125,1158987161264958,119
1789632238,2026-09-17T08:03:58Z,25936861458,1159045881924000,1159047888054000,119
1789632299,2026-09-17T08:04:59Z,25970223375,1159103349300166,1159108758749583,257
1789632360,2026-09-17T08:06:00Z,25999350458,1159166359092666,1159169667808000,143
1789632421,2026-09-17T08:07:01Z,26026998875,1159229356819291,1159230648784833,187
1789632482,2026-09-17T08:08:02Z,26054216958,1159287103044666,1159291583097375,143
1789632543,2026-09-17T08:09:03Z,26083821875,1159350110626125,1159352564833291,143
1789632604,2026-09-17T08:10:04Z,26117178750,1159412971406708,1159413525691125,257
1789632665,2026-09-17T08:11:05Z,26144190708,1159470718414541,1159474428306666,143
1789632726,2026-09-17T08:12:06Z,26174080625,1159533727976458,1159535344456708,143
1789632787,2026-09-17T08:13:07Z,26199881166,1159591470339458,1159596238088958,143
1789632848,2026-09-17T08:14:08Z,26230441333,1159654468650708,1159657148388750,143
1789632909,2026-09-17T08:15:09Z,26265641583,1159717278289208,1159718064592708,257
1789632969,2026-09-17T08:16:09Z,26293227291,1159775028164625,1159778956502000,143
1789633030,2026-09-17T08:17:10Z,26323578083,1159838038287583,1159839741348000,143
1789633093,2026-09-17T08:18:13Z,26350881916,1159895778529458,1159901230775958,143
1789633154,2026-09-17T08:19:14Z,26379752916,1159958786470750,1159963750747958,143
1789633215,2026-09-17T08:20:15Z,26413245458,1160021775415416,1160024521067708,143
1789633276,2026-09-17T08:21:16Z,26445360875,1160084776260625,1160085473956166,257
1789633337,2026-09-17T08:22:17Z,26472943583,1160142538187708,1160146459847166,143
1789633398,2026-09-17T08:23:18Z,26503402583,1160205539285208,1160207400829625,143
1789633459,2026-09-17T08:24:19Z,26531152833,1160263291725833,1160268282220416,119
1789633520,2026-09-17T08:25:20Z,26561133250,1160326262044166,1160329034618791,119
1789633580,2026-09-17T08:26:20Z,26591236833,1160389262161916,1160389781414416,233
1789633641,2026-09-17T08:27:21Z,26619848750,1160447012101958,1160450567807625,119
1789633702,2026-09-17T08:28:22Z,26650815375,1160510016275375,1160511453304333,119
1789633763,2026-09-17T08:29:23Z,26681440208,1160568902655083,1160572220724083,233
1789633824,2026-09-17T08:30:24Z,26713773000,1160630768877291,1160633090189583,119
1789633884,2026-09-17T08:31:24Z,26739982125,1160688508516583,1160693830985125,233
1789633945,2026-09-17T08:32:25Z,26769421541,1160751511007333,1160754575734500,119
1789634006,2026-09-17T08:33:26Z,26797933166,1160814512594916,1160815305816791,233
1789634067,2026-09-17T08:34:27Z,26830916041,1160873093895125,1160876046492166,119
1789634127,2026-09-17T08:35:27Z,26861634791,1160935261150375,1160936823136916,119
1789634188,2026-09-17T08:36:28Z,26889061375,1160993009050958,1160997575196666,119
1789634249,2026-09-17T08:37:29Z,26916886583,1161056012296500,1161058325109791,119
1789634310,2026-09-17T08:38:30Z,26944489666,1161113759357666,1161119200644291,233
1789634371,2026-09-17T08:39:31Z,26976973000,1161176603850291,1161180035077833,119
1789634431,2026-09-17T08:40:31Z,27008080083,1161239625217583,1161240908558375,119
1789634492,2026-09-17T08:41:32Z,27033704250,1161297361514500,1161301680910000,119
1789634553,2026-09-17T08:42:33Z,27065459958,1161360358908833,1161362463485166,119
1789634614,2026-09-17T08:43:34Z,27093413083,1161418116692458,1161423195683333,119
1789634674,2026-09-17T08:44:34Z,27127121916,1161481109956666,1161483918099041,143
1789634735,2026-09-17T08:45:35Z,27156673125,1161544117807166,1161544808752500,257
1789634796,2026-09-17T08:46:36Z,27184390250,1161601880050166,1161605557272083,143
1789634857,2026-09-17T08:47:37Z,27213584916,1161664879262250,1161666432121375,143
1789634918,2026-09-17T08:48:38Z,27241015458,1161722626528833,1161727316486291,143
1789634979,2026-09-17T08:49:39Z,27276165625,1161785632458708,1161788212462708,143
1789635040,2026-09-17T08:50:40Z,27304857791,1161848619749041,1161849276396500,257
1789635101,2026-09-17T08:51:41Z,27331385208,1161906372640375,1161910241466625,187
1789635162,2026-09-17T08:52:42Z,27361678625,1161969378483750,1161971266975750,143
1789635223,2026-09-17T08:53:43Z,27389271958,1162027126245458,1162032477228916,257
1789635284,2026-09-17T08:54:44Z,27422649416,1162089854795500,1162093241119791,95
1789635345,2026-09-17T08:55:45Z,27451902666,1162152853360000,1162154194415500,119
1789635406,2026-09-17T08:56:46Z,27477998791,1162210607908291,1162215114361416,119
1789635467,2026-09-17T08:57:47Z,27508216333,1162273607096208,1162276013995125,119
1789635527,2026-09-17T08:58:47Z,27535365666,1162331353968208,1162336947803000,233
1789635588,2026-09-17T08:59:48Z,27571058833,1162394356510250,1162397850542666,163
1789635649,2026-09-17T09:00:49Z,27598612791,1162457347970250,1162458618083916,163
1789635710,2026-09-17T09:01:50Z,27627235708,1162515100665791,1162519492455916,171
1789635771,2026-09-17T09:02:51Z,27658724958,1162578111110875,1162580377637333,163
1789635838,2026-09-17T09:03:58Z,27689042208,1162641097153541,1162647714142916,163
1789635899,2026-09-17T09:04:59Z,27724272708,1162704100356958,1162708645111208,119
1789635960,2026-09-17T09:06:00Z,27752465625,1162767116168500,1162769747500875,119
1789636021,2026-09-17T09:07:01Z,27782419666,1162830114350708,1162830604031041,233
1789636082,2026-09-17T09:08:02Z,27808775625,1162887855246208,1162891476996625,119
1789636143,2026-09-17T09:09:03Z,27837377208,1162950842080333,1162952231649583,119
1789636203,2026-09-17T09:10:03Z,27867590000,1163008575769666,1163012988410500,119
1789636264,2026-09-17T09:11:04Z,27897246958,1163071583871000,1163073725737125,119
1789636325,2026-09-17T09:12:05Z,27923336125,1163129337856750,1163134484707583,119
1789636386,2026-09-17T09:13:06Z,27951453458,1163192341786000,1163195346738791,119
1789636447,2026-09-17T09:14:07Z,27981561000,1163255331141333,1163256233696083,233
1789636508,2026-09-17T09:15:08Z,28015158958,1163313081788500,1163317108355750,119
1789636568,2026-09-17T09:16:08Z,28045512958,1163376080200750,1163377997604875,119
1789636629,2026-09-17T09:17:09Z,28072623208,1163433834035291,1163438890585000,119
1789636690,2026-09-17T09:18:10Z,28102127500,1163496841055625,1163499836218375,119
1789636751,2026-09-17T09:19:11Z,28130710291,1163559840519125,1163560795646708,233
1789636812,2026-09-17T09:20:12Z,28161808708,1163617589248000,1163621576870875,119
1789636873,2026-09-17T09:21:13Z,28190291208,1163680593075875,1163682319493666,119
1789636934,2026-09-17T09:22:14Z,28218563000,1163738329618208,1163743075634083,119
1789636994,2026-09-17T09:23:14Z,28249391791,1163801329213541,1163803810496791,119
1789637055,2026-09-17T09:24:15Z,28276884125,1163859083146250,1163864691239416,233
1789637116,2026-09-17T09:25:16Z,28310212208,1163922081527250,1163925570865916,119
1789637177,2026-09-17T09:26:17Z,28338890250,1163985080378000,1163986455289791,119
1789637238,2026-09-17T09:27:18Z,28366734458,1164042831683458,1164047362886708,119
1789637299,2026-09-17T09:28:19Z,28395183583,1164105827323000,1164108288448333,119
1789637360,2026-09-17T09:29:20Z,28422760541,1164163591513666,1164169176485500,233
1789637420,2026-09-17T09:30:20Z,28457073000,1164226581828458,1164230022529791,119
1789637481,2026-09-17T09:31:21Z,28487616041,1164289590895541,1164290924527666,119
1789637542,2026-09-17T09:32:22Z,28514704416,1164347327073875,1164351825496791,119
1789637603,2026-09-17T09:33:23Z,28543295875,1164410332474458,1164412670139708,119
1789637664,2026-09-17T09:34:24Z,28570928291,1164468080639583,1164473533997041,233
1789637725,2026-09-17T09:35:25Z,28606219500,1164531089392708,1164534419996958,119
1789637786,2026-09-17T09:36:26Z,28634141375,1164594076002958,1164595299453708,119
1789637847,2026-09-17T09:37:27Z,28661876208,1164651841828500,1164656043491625,119
1789637907,2026-09-17T09:38:27Z,28691408083,1164714835903958,1164716903954666,119
1789637968,2026-09-17T09:39:28Z,28718652875,1164772576124208,1164777761105000,119
1789638029,2026-09-17T09:40:29Z,28751874833,1164835571872750,1164838613272541,119
1789638090,2026-09-17T09:41:30Z,28780900125,1164898571360958,1164899333720250,233
1789638151,2026-09-17T09:42:31Z,28808476625,1164956333644291,1164960199453916,119
1789638212,2026-09-17T09:43:32Z,28837712166,1165019334263416,1165021053581041,119
1789638272,2026-09-17T09:44:32Z,28862522833,1165077077523958,1165081935768541,119
1789638333,2026-09-17T09:45:33Z,28898711125,1165139880400958,1165142820382041,143
1789638394,2026-09-17T09:46:34Z,28928260625,1165202881884708,1165203702310041,257
1789638455,2026-09-17T09:47:35Z,28955257375,1165260626226708,1165264592712916,143
1789638516,2026-09-17T09:48:36Z,28984943083,1165323627360083,1165325482425625,143
1789638577,2026-09-17T09:49:37Z,29012038000,1165383510115458,1165386358364125,143
1789638638,2026-09-17T09:50:38Z,29045284958,1165444385015583,1165447240606916,143
1789638699,2026-09-17T09:51:39Z,29075561916,1165507377709916,1165508115617875,257
1789638759,2026-09-17T09:52:39Z,29103509250,1165565139367291,1165568996170333,143
1789638820,2026-09-17T09:53:40Z,29130208833,1165628138999791,1165629887392291,143
1789638881,2026-09-17T09:54:41Z,29159906000,1165689562208666,1165690764769000,167
1789638942,2026-09-17T09:55:42Z,29190350125,1165748885046166,1165751629045416,119
1789639003,2026-09-17T09:56:43Z,29219918291,1165811890977500,1165812596386583,233
1789639064,2026-09-17T09:57:44Z,29247932291,1165869648333875,1165873490809000,119
1789639125,2026-09-17T09:58:45Z,29279177625,1165932644957083,1165934357369291,119
1789639186,2026-09-17T09:59:46Z,29312586041,1165990247025041,1165995243378375,149
1789639247,2026-09-17T10:00:47Z,29342862500,1166053256750458,1166056131163833,143
1789639307,2026-09-17T10:01:47Z,29373127458,1166116256733333,1166116983561750,257
1789639368,2026-09-17T10:02:48Z,29400051041,1166174002701458,1166177842687791,143
1789639429,2026-09-17T10:03:49Z,29428320708,1166237001875333,1166238699791791,143
1789639490,2026-09-17T10:04:50Z,29461274916,1166294759656166,1166299608423833,143
1789639551,2026-09-17T10:05:51Z,29491589541,1166357752897666,1166360517450500,143
1789639612,2026-09-17T10:06:52Z,29522063958,1166420762232958,1166421272121625,257
1789639673,2026-09-17T10:07:53Z,29547511666,1166478503223375,1166482160086750,143
1789639733,2026-09-17T10:08:53Z,29576873375,1166541502834458,1166542895189833,143
1789639794,2026-09-17T10:09:54Z,29605760791,1166599255065958,1166603635012041,143
1789639855,2026-09-17T10:10:55Z,29635721625,1166662264246541,1166664364738041,143
1789639916,2026-09-17T10:11:56Z,29663617875,1166720022252250,1166725120065666,143
1789639976,2026-09-17T10:12:56Z,29694368750,1166783009577208,1166785884795291,143
1789640037,2026-09-17T10:13:57Z,29721886458,1166846012030750,1166846632027166,257
1789640098,2026-09-17T10:14:58Z,29755695833,1166903516542916,1166907409601333,143
1789640159,2026-09-17T10:15:59Z,29786475291,1166966347784916,1166968294641208,143
1789640220,2026-09-17T10:17:00Z,29814185750,1167024112173083,1167029291992125,145
1789640281,2026-09-17T10:18:01Z,29844005791,1167087112753166,1167090287656125,143
1789640341,2026-09-17T10:19:01Z,29874886208,1167150100168958,1167151035013791,257
1789640402,2026-09-17T10:20:02Z,29903223625,1167207854452791,1167211771793541,143
1789640463,2026-09-17T10:21:03Z,29931571333,1167270844071875,1167272651415375,143
1789640524,2026-09-17T10:22:04Z,29959776291,1167328602280416,1167333565672583,143
1789640585,2026-09-17T10:23:05Z,29990064000,1167391602069041,1167394437210250,143
1789640646,2026-09-17T10:24:06Z,30020695041,1167454600010500,1167455299354500,257
1789640707,2026-09-17T10:25:07Z,30050706666,1167512122619583,1167516169888541,143
1789640768,2026-09-17T10:26:08Z,30080760041,1167575127782458,1167577052219916,143
1789640828,2026-09-17T10:27:08Z,30108443833,1167632882746166,1167637886021500,143
1789640889,2026-09-17T10:28:09Z,30139173625,1167695879500916,1167698732117750,143
1789640950,2026-09-17T10:29:10Z,30167035750,1167758870665708,1167759588597416,257
1789641011,2026-09-17T10:30:11Z,30197161875,1167816619348000,1167820461475208,143
1789641072,2026-09-17T10:31:12Z,30227473625,1167879638435125,1167881325646083,143
1789641133,2026-09-17T10:32:13Z,30255260833,1167937376378291,1167942188832916,143
1789641194,2026-09-17T10:33:14Z,30283421500,1168000370133666,1168003062756583,143
1789641254,2026-09-17T10:34:14Z,30314179416,1168063373288708,1168063942176833,257
1789641315,2026-09-17T10:35:15Z,30344984875,1168121031041333,1168124814717541,143
1789641376,2026-09-17T10:36:16Z,30375696000,1168184029542625,1168185698175458,143
1789641437,2026-09-17T10:37:17Z,30403620708,1168241780982375,1168246585131041,143
1789641498,2026-09-17T10:38:18Z,30434471791,1168304774781291,1168307490791166,143
1789641559,2026-09-17T10:39:19Z,30462508916,1168367780343750,1168368247489333,257
1789641620,2026-09-17T10:40:20Z,30496248916,1168425503183250,1168429110428625,143
1789641680,2026-09-17T10:41:20Z,30527135166,1168488505439416,1168489979321125,143
1789641741,2026-09-17T10:42:21Z,30552563875,1168546249859250,1168550868598000,143
1789641802,2026-09-17T10:43:22Z,30582649041,1168609251233875,1168611760010875,143
1789641863,2026-09-17T10:44:23Z,30610897458,1168667005155208,1168672602565083,257
1789641924,2026-09-17T10:45:24Z,30643511000,1168729983911291,1168733465750041,143
1789641985,2026-09-17T10:46:25Z,30673654916,1168792992234666,1168794343878875,143
1789642046,2026-09-17T10:47:26Z,30700312000,1168850755987916,1168855214373208,143
1789642107,2026-09-17T10:48:27Z,30731116625,1168913742390125,1168916080951000,143
1789642167,2026-09-17T10:49:27Z,30758673666,1168971504113666,1168976995681875,257
1789642228,2026-09-17T10:50:28Z,30791934166,1169034496875625,1169037857218916,143
1789642289,2026-09-17T10:51:29Z,30821596583,1169097493283750,1169098710639375,143
1789642350,2026-09-17T10:52:30Z,30847926833,1169155254387416,1169159571563250,143
1789642411,2026-09-17T10:53:31Z,30878808500,1169218243965791,1169220450567750,143
1789642472,2026-09-17T10:54:32Z,30904923291,1169276006528750,1169281326695875,257
1789642533,2026-09-17T10:55:33Z,30939635916,1169338993728416,1169342218496041,119
1789642594,2026-09-17T10:56:34Z,30968946333,1169402011686500,1169403081652375,121
1789642654,2026-09-17T10:57:34Z,30995084833,1169459765174583,1169463947632708,119
1789642715,2026-09-17T10:58:35Z,31025967833,1169522763980208,1169524692619875,119
1789642776,2026-09-17T10:59:36Z,31052374333,1169580499271583,1169585568637125,119
1789642837,2026-09-17T11:00:37Z,31085113000,1169643502308541,1169646447502291,119
1789642898,2026-09-17T11:01:38Z,31115572541,1169706506982750,1169707336769041,233
1789642959,2026-09-17T11:02:39Z,31141941208,1169764259360125,1169768204586083,119
1789643020,2026-09-17T11:03:40Z,31170339166,1169827263874000,1169829088317166,119
1789643080,2026-09-17T11:04:40Z,31195472458,1169885012813041,1169889966066625,119
1789643141,2026-09-17T11:05:41Z,31227816666,1169948014070125,1169950831304708,119
1789643202,2026-09-17T11:06:42Z,31254565166,1170010998836916,1170011761611791,233
1789643263,2026-09-17T11:07:43Z,31281330208,1170068751470625,1170072602614333,119
1789643324,2026-09-17T11:08:44Z,31312334000,1170131757347416,1170133479724291,119
1789643385,2026-09-17T11:09:45Z,31337682916,1170189520739500,1170194212922166,119
1789643445,2026-09-17T11:10:45Z,31371787708,1170252523156500,1170254953654208,119
1789643506,2026-09-17T11:11:46Z,31399474958,1170310262733125,1170315822007625,233
1789643567,2026-09-17T11:12:47Z,31430085083,1170373262934750,1170376673207750,119
1789643628,2026-09-17T11:13:48Z,31460639708,1170436257615333,1170437539884291,119
1789643689,2026-09-17T11:14:49Z,31486760625,1170494023296875,1170498415999333,119
1789643750,2026-09-17T11:15:50Z,31522498375,1170557009411833,1170559303237750,119
1789643811,2026-09-17T11:16:51Z,31550502625,1170614772357750,1170620187449375,233
1789643872,2026-09-17T11:17:52Z,31581161583,1170677764809625,1170681095975833,119
1789643932,2026-09-17T11:18:52Z,31611236916,1170740759665708,1170741976950125,119
1789643993,2026-09-17T11:19:53Z,31636760416,1170798507605500,1170802683229583,119
1789644054,2026-09-17T11:20:54Z,31664407666,1170861519499291,1170863427889625,119
1789644115,2026-09-17T11:21:55Z,31692519458,1170919260367291,1170924177720125,119
1789644175,2026-09-17T11:22:55Z,31723315000,1170982266915250,1170984921166333,119
1789644236,2026-09-17T11:23:56Z,31749770666,1171045260500958,1171045684078208,233
1789644297,2026-09-17T11:24:57Z,31779121541,1171104009857458,1171106441217500,119
1789644358,2026-09-17T11:25:58Z,31811980666,1171165605829125,1171167167801083,119
1789644418,2026-09-17T11:26:58Z,31839287125,1171223351478041,1171227917836333,119
1789644479,2026-09-17T11:27:59Z,31869703958,1171286352205666,1171288677387291,119
1789644540,2026-09-17T11:29:00Z,31897181875,1171344099575208,1171349636380375,233
1789644601,2026-09-17T11:30:01Z,31926415708,1171407103799458,1171410530741041,233
1789644662,2026-09-17T11:31:02Z,31960471916,1171470209745875,1171471384594083,119
1789644723,2026-09-17T11:32:03Z,31988163666,1171527863650666,1171532267768750,119
1789644784,2026-09-17T11:33:04Z,32018458625,1171590850566625,1171593128846083,119
1789644844,2026-09-17T11:34:04Z,32045760625,1171648610145583,1171653999337958,233
1789644905,2026-09-17T11:35:05Z,32081754541,1171711593589958,1171714880818125,119
1789644966,2026-09-17T11:36:06Z,32111268791,1171774613471583,1171775758910708,119
1789645027,2026-09-17T11:37:07Z,32139228833,1171832364617375,1171836612245000,119
1789645088,2026-09-17T11:38:08Z,32167236166,1171895352522583,1171897455550583,119
1789645149,2026-09-17T11:39:09Z,32194799333,1171953108844625,1171958300928166,119
1789645210,2026-09-17T11:40:10Z,32228529916,1172016113431583,1172019141606458,119
1789645270,2026-09-17T11:41:10Z,32258466708,1172079091273750,1172080030825250,233
1789645331,2026-09-17T11:42:11Z,32286901958,1172136847579666,1172140923660666,119
1789645392,2026-09-17T11:43:12Z,32317955250,1172199843409166,1172201770131500,119
1789645453,2026-09-17T11:44:13Z,32346412750,1172257590112833,1172262669228458,119
1789645514,2026-09-17T11:45:14Z,32380038208,1172320595398166,1172323622697583,119
1789645575,2026-09-17T11:46:15Z,32410307208,1172383594925583,1172384518026208,233
1789645636,2026-09-17T11:47:16Z,32437169375,1172441353837416,1172445410408083,119
1789645697,2026-09-17T11:48:17Z,32464737125,1172504341658666,1172506338693500,119
1789645758,2026-09-17T11:49:18Z,32492239500,1172562103354416,1172567243243375,119
1789645819,2026-09-17T11:50:19Z,32531012708,1172625094698291,1172628422205541,119
1789645880,2026-09-17T11:51:20Z,32561522375,1172688100567541,1172689573124583,119
1789645941,2026-09-17T11:52:21Z,32588130208,1172745851065583,1172750364134666,119
1789646002,2026-09-17T11:53:22Z,32617555666,1172808850482875,1172811283941166,119
1789646063,2026-09-17T11:54:23Z,32643000291,1172866592829958,1172872182497625,234
1789646123,2026-09-17T11:55:23Z,32676643291,1172929604549958,1172933058305041,120
1789646184,2026-09-17T11:56:24Z,32705245833,1172992598551875,1172993925406125,119
1789646245,2026-09-17T11:57:25Z,32729181291,1173050350509416,1173054817556916,120
1789646306,2026-09-17T11:58:26Z,32759233291,1173113351477750,1173115718222708,120
1789646367,2026-09-17T11:59:27Z,32787434041,1173171111062791,1173176636564291,234
1789646428,2026-09-17T12:00:28Z,32823019666,1173234099550708,1173237475445333,120
