epoch,iso_time,rss_mb,cpu_pct
1789580583,2026-09-16T17:43:03Z,98.7,0.8
1789580643,2026-09-16T17:44:03Z,98.7,5.2
1789580703,2026-09-16T17:45:03Z,98.7,0.7
1789580763,2026-09-16T17:46:03Z,98.7,0.8
1789580824,2026-09-16T17:47:04Z,98.7,0.9
1789580884,2026-09-16T17:48:04Z,98.4,0.6
1789580944,2026-09-16T17:49:04Z,98.4,1.1
1789581004,2026-09-16T17:50:04Z,97.2,0.5
1789581064,2026-09-16T17:51:04Z,96.9,3.3
1789581124,2026-09-16T17:52:04Z,97.2,0.6
1789581184,2026-09-16T17:53:04Z,97.2,0.8
1789581244,2026-09-16T17:54:04Z,97.2,1.0
1789581304,2026-09-16T17:55:04Z,96.2,0.9
1789581364,2026-09-16T17:56:04Z,96.2,0.7
1789581424,2026-09-16T17:57:04Z,96.8,1.0
1789581484,2026-09-16T17:58:04Z,96.8,2.6
1789581544,2026-09-16T17:59:04Z,96.8,0.9
1789581604,2026-09-16T18:00:04Z,96.8,0.9
1789581664,2026-09-16T18:01:04Z,96.8,1.0
1789581724,2026-09-16T18:02:04Z,96.8,1.0
1789581784,2026-09-16T18:03:04Z,96.8,1.0
1789581844,2026-09-16T18:04:04Z,96.7,1.0
1789581904,2026-09-16T18:05:04Z,96.7,1.3
1789581964,2026-09-16T18:06:04Z,96.7,1.0
1789582024,2026-09-16T18:07:04Z,96.7,8.6
1789582084,2026-09-16T18:08:04Z,96.7,1.0
1789582144,2026-09-16T18:09:04Z,96.7,0.8
1789582204,2026-09-16T18:10:04Z,96.7,1.1
1789582264,2026-09-16T18:11:04Z,96.7,1.0
1789582324,2026-09-16T18:12:04Z,96.2,1.4
1789582384,2026-09-16T18:13:04Z,96.2,1.4
1789582444,2026-09-16T18:14:04Z,96.2,4.3
1789582504,2026-09-16T18:15:04Z,96.2,1.2
1789582564,2026-09-16T18:16:04Z,96.2,0.9
1789582624,2026-09-16T18:17:04Z,95.8,0.9
1789582684,2026-09-16T18:18:04Z,95.8,0.9
1789582744,2026-09-16T18:19:04Z,95.8,1.2
1789582805,2026-09-16T18:20:05Z,95.8,1.0
1789582865,2026-09-16T18:21:05Z,95.8,2.6
1789582925,2026-09-16T18:22:05Z,96.0,1.1
1789582985,2026-09-16T18:23:05Z,96.0,0.8
1789583045,2026-09-16T18:24:05Z,96.0,0.8
1789583105,2026-09-16T18:25:05Z,96.0,1.0
1789583165,2026-09-16T18:26:05Z,96.0,1.0
1789583225,2026-09-16T18:27:05Z,96.0,0.9
1789583285,2026-09-16T18:28:05Z,96.0,1.3
1789583345,2026-09-16T18:29:05Z,95.9,1.0
1789583405,2026-09-16T18:30:05Z,95.9,7.7
1789583465,2026-09-16T18:31:05Z,95.9,0.9
1789583525,2026-09-16T18:32:05Z,96.0,0.9
1789583585,2026-09-16T18:33:05Z,96.0,1.0
1789583645,2026-09-16T18:34:05Z,95.9,1.0
1789583705,2026-09-16T18:35:05Z,95.9,1.1
1789583765,2026-09-16T18:36:05Z,95.9,1.0
1789583825,2026-09-16T18:37:05Z,95.9,2.8
1789583885,2026-09-16T18:38:05Z,95.9,1.1
1789583945,2026-09-16T18:39:05Z,95.5,1.0
1789584005,2026-09-16T18:40:05Z,95.3,1.1
1789584065,2026-09-16T18:41:05Z,95.4,1.0
1789584125,2026-09-16T18:42:05Z,95.4,1.0
1789584185,2026-09-16T18:43:05Z,95.4,0.6
1789584245,2026-09-16T18:44:05Z,95.3,2.4
1789584305,2026-09-16T18:45:05Z,95.2,1.0
1789584365,2026-09-16T18:46:05Z,95.2,0.9
1789584425,2026-09-16T18:47:05Z,95.8,0.9
1789584485,2026-09-16T18:48:05Z,95.7,1.0
1789584545,2026-09-16T18:49:05Z,95.7,1.0
1789584605,2026-09-16T18:50:05Z,95.7,1.0
1789584665,2026-09-16T18:51:05Z,95.7,1.7
1789584726,2026-09-16T18:52:06Z,96.4,1.1
1789584786,2026-09-16T18:53:06Z,96.4,7.8
1789584846,2026-09-16T18:54:06Z,96.4,1.0
1789584906,2026-09-16T18:55:06Z,96.2,0.9
1789584966,2026-09-16T18:56:06Z,96.1,1.0
1789585026,2026-09-16T18:57:06Z,96.1,1.0
1789585086,2026-09-16T18:58:06Z,96.1,1.0
1789585146,2026-09-16T18:59:06Z,96.0,1.0
1789585206,2026-09-16T19:00:06Z,96.6,4.2
1789585266,2026-09-16T19:01:06Z,96.6,1.0
1789585326,2026-09-16T19:02:06Z,96.6,0.9
1789585386,2026-09-16T19:03:06Z,96.6,1.0
1789585446,2026-09-16T19:04:06Z,96.6,0.9
1789585506,2026-09-16T19:05:06Z,96.6,1.0
1789585566,2026-09-16T19:06:06Z,96.6,0.8
1789585626,2026-09-16T19:07:06Z,96.6,2.1
1789585686,2026-09-16T19:08:06Z,96.6,0.9
1789585746,2026-09-16T19:09:06Z,96.6,0.8
1789585806,2026-09-16T19:10:06Z,96.6,1.0
1789585866,2026-09-16T19:11:06Z,96.6,1.0
1789585926,2026-09-16T19:12:06Z,96.6,1.0
1789585986,2026-09-16T19:13:06Z,96.6,1.1
1789586046,2026-09-16T19:14:06Z,96.6,1.6
1789586106,2026-09-16T19:15:06Z,96.6,0.9
1789586166,2026-09-16T19:16:06Z,96.6,10.0
1789586226,2026-09-16T19:17:06Z,96.5,1.1
1789586286,2026-09-16T19:18:06Z,96.2,1.0
1789586346,2026-09-16T19:19:06Z,96.2,0.9
1789586406,2026-09-16T19:20:06Z,96.2,1.2
1789586466,2026-09-16T19:21:06Z,96.2,1.3
1789586526,2026-09-16T19:22:07Z,96.2,1.0
1789586587,2026-09-16T19:23:07Z,96.2,6.2
1789586647,2026-09-16T19:24:07Z,96.2,1.0
1789586707,2026-09-16T19:25:07Z,96.2,0.9
1789586767,2026-09-16T19:26:07Z,96.2,0.9
1789586827,2026-09-16T19:27:07Z,96.2,1.0
1789586887,2026-09-16T19:28:07Z,96.3,1.0
1789586947,2026-09-16T19:29:07Z,96.4,1.1
1789587007,2026-09-16T19:30:07Z,96.4,3.2
1789587067,2026-09-16T19:31:07Z,96.4,0.9
1789587127,2026-09-16T19:32:07Z,96.4,1.0
1789587187,2026-09-16T19:33:07Z,96.4,0.6
1789587247,2026-09-16T19:34:07Z,96.4,0.8
1789587307,2026-09-16T19:35:07Z,96.4,1.0
1789587367,2026-09-16T19:36:07Z,96.4,1.0
1789587427,2026-09-16T19:37:07Z,96.4,1.9
1789587487,2026-09-16T19:38:07Z,96.4,1.0
1789587547,2026-09-16T19:39:07Z,96.4,10.7
1789587607,2026-09-16T19:40:07Z,96.4,0.9
1789587667,2026-09-16T19:41:07Z,96.3,1.0
1789587727,2026-09-16T19:42:07Z,96.3,1.1
1789587787,2026-09-16T19:43:07Z,96.4,1.0
1789587847,2026-09-16T19:44:07Z,96.4,1.0
1789587907,2026-09-16T19:45:07Z,96.3,0.9
1789587967,2026-09-16T19:46:07Z,96.3,4.1
1789588027,2026-09-16T19:47:07Z,96.3,0.7
1789588087,2026-09-16T19:48:07Z,95.9,1.2
1789588147,2026-09-16T19:49:07Z,95.9,1.0
1789588207,2026-09-16T19:50:07Z,95.9,0.9
1789588267,2026-09-16T19:51:07Z,95.9,1.0
1789588327,2026-09-16T19:52:07Z,95.9,0.9
1789588388,2026-09-16T19:53:08Z,95.9,2.3
1789588448,2026-09-16T19:54:08Z,95.9,1.1
1789588508,2026-09-16T19:55:08Z,95.9,1.0
1789588568,2026-09-16T19:56:08Z,95.9,0.9
1789588628,2026-09-16T19:57:08Z,95.9,1.0
1789588688,2026-09-16T19:58:08Z,95.9,0.9
1789588748,2026-09-16T19:59:08Z,95.9,0.8
1789588808,2026-09-16T20:00:08Z,95.9,2.2
1789588868,2026-09-16T20:01:08Z,95.9,0.7
1789588928,2026-09-16T20:02:08Z,96.1,7.2
1789588988,2026-09-16T20:03:08Z,96.1,0.9
1789589048,2026-09-16T20:04:08Z,96.1,0.9
1789589108,2026-09-16T20:05:08Z,96.0,1.0
1789589168,2026-09-16T20:06:08Z,96.0,0.9
1789589228,2026-09-16T20:07:08Z,96.0,1.0
1789589288,2026-09-16T20:08:08Z,96.0,1.0
1789589348,2026-09-16T20:09:08Z,96.0,2.2
1789589408,2026-09-16T20:10:08Z,96.0,0.9
1789589468,2026-09-16T20:11:08Z,96.0,0.9
1789589528,2026-09-16T20:12:08Z,96.0,1.0
1789589588,2026-09-16T20:13:08Z,96.0,1.0
1789589648,2026-09-16T20:14:08Z,96.0,1.3
1789589708,2026-09-16T20:15:08Z,96.0,1.1
1789589768,2026-09-16T20:16:08Z,96.0,1.4
1789589828,2026-09-16T20:17:08Z,96.2,1.1
1789589888,2026-09-16T20:18:08Z,96.2,2.4
1789589948,2026-09-16T20:19:08Z,96.2,1.1
1789590009,2026-09-16T20:20:09Z,96.2,1.0
1789590069,2026-09-16T20:21:09Z,96.7,1.0
1789590129,2026-09-16T20:22:09Z,96.7,0.5
1789590189,2026-09-16T20:23:09Z,96.6,0.7
1789590249,2026-09-16T20:24:09Z,96.6,1.0
1789590309,2026-09-16T20:25:09Z,96.0,1.9
1789590369,2026-09-16T20:26:09Z,96.1,1.0
1789590429,2026-09-16T20:27:09Z,96.1,8.6
1789590489,2026-09-16T20:28:09Z,95.9,1.0
1789590549,2026-09-16T20:29:09Z,95.9,0.9
1789590609,2026-09-16T20:30:09Z,95.9,0.9
1789590669,2026-09-16T20:31:09Z,95.8,0.8
1789590729,2026-09-16T20:32:09Z,96.0,1.1
1789590789,2026-09-16T20:33:09Z,95.9,0.9
1789590849,2026-09-16T20:34:09Z,95.9,4.4
1789590909,2026-09-16T20:35:09Z,95.7,1.0
1789590969,2026-09-16T20:36:09Z,95.7,1.0
1789591029,2026-09-16T20:37:09Z,95.7,1.0
1789591089,2026-09-16T20:38:09Z,95.7,0.9
1789591149,2026-09-16T20:39:09Z,95.7,1.2
1789591209,2026-09-16T20:40:09Z,95.7,1.0
1789591269,2026-09-16T20:41:09Z,95.7,3.1
1789591329,2026-09-16T20:42:09Z,95.8,1.1
1789591389,2026-09-16T20:43:09Z,95.8,0.9
1789591449,2026-09-16T20:44:09Z,95.8,1.0
1789591509,2026-09-16T20:45:09Z,95.8,1.1
1789591569,2026-09-16T20:46:09Z,95.7,1.2
1789591629,2026-09-16T20:47:09Z,95.7,1.0
1789591689,2026-09-16T20:48:09Z,95.6,1.4
1789591749,2026-09-16T20:49:09Z,95.7,1.0
1789591810,2026-09-16T20:50:10Z,95.7,9.3
1789591870,2026-09-16T20:51:10Z,95.7,1.0
1789591930,2026-09-16T20:52:10Z,95.7,1.0
1789591990,2026-09-16T20:53:10Z,95.5,1.0
1789592050,2026-09-16T20:54:10Z,95.5,0.9
1789592110,2026-09-16T20:55:10Z,95.4,1.0
1789592170,2026-09-16T20:56:10Z,95.5,0.9
1789592230,2026-09-16T20:57:10Z,95.5,1.9
1789592290,2026-09-16T20:58:10Z,95.5,0.9
1789592350,2026-09-16T20:59:10Z,95.5,0.9
1789592410,2026-09-16T21:00:10Z,95.4,0.7
1789592470,2026-09-16T21:01:10Z,95.5,0.9
1789592530,2026-09-16T21:02:10Z,95.5,0.9
1789592590,2026-09-16T21:03:10Z,95.4,0.8
1789592650,2026-09-16T21:04:10Z,95.5,1.8
1789592710,2026-09-16T21:05:10Z,95.3,0.6
1789592770,2026-09-16T21:06:10Z,95.3,9.8
1789592830,2026-09-16T21:07:10Z,95.4,1.0
1789592890,2026-09-16T21:08:10Z,95.2,1.0
1789592950,2026-09-16T21:09:10Z,95.2,1.0
1789593010,2026-09-16T21:10:10Z,95.3,1.0
1789593070,2026-09-16T21:11:10Z,95.2,1.1
1789593130,2026-09-16T21:12:10Z,95.3,0.9
1789593190,2026-09-16T21:13:10Z,95.2,2.6
1789593250,2026-09-16T21:14:10Z,95.2,1.1
1789593310,2026-09-16T21:15:10Z,95.2,1.0
1789593370,2026-09-16T21:16:10Z,95.2,0.7
1789593430,2026-09-16T21:17:10Z,95.2,1.1
1789593490,2026-09-16T21:18:10Z,93.6,1.0
1789593550,2026-09-16T21:19:10Z,94.1,1.1
1789593610,2026-09-16T21:20:10Z,94.1,1.8
1789593670,2026-09-16T21:21:10Z,94.1,1.1
1789593730,2026-09-16T21:22:10Z,94.1,5.0
1789593791,2026-09-16T21:23:11Z,94.1,1.0
1789593851,2026-09-16T21:24:11Z,94.1,0.9
1789593911,2026-09-16T21:25:11Z,94.1,0.9
1789593971,2026-09-16T21:26:11Z,94.1,0.9
1789594031,2026-09-16T21:27:11Z,94.1,1.2
1789594091,2026-09-16T21:28:11Z,94.1,1.0
1789594151,2026-09-16T21:29:11Z,94.1,4.6
1789594211,2026-09-16T21:30:11Z,94.1,0.9
1789594271,2026-09-16T21:31:11Z,94.1,1.1
1789594331,2026-09-16T21:32:11Z,94.1,1.5
1789594391,2026-09-16T21:33:11Z,94.1,1.0
1789594451,2026-09-16T21:34:11Z,94.1,1.0
1789594511,2026-09-16T21:35:11Z,94.1,1.0
1789594571,2026-09-16T21:36:11Z,94.1,3.3
1789594631,2026-09-16T21:37:11Z,94.2,2.1
1789594691,2026-09-16T21:38:11Z,94.2,1.2
1789594751,2026-09-16T21:39:11Z,94.2,1.0
1789594811,2026-09-16T21:40:11Z,94.8,0.9
1789594871,2026-09-16T21:41:11Z,94.8,0.9
1789594931,2026-09-16T21:42:11Z,94.8,1.1
1789594991,2026-09-16T21:43:11Z,94.8,2.5
1789595051,2026-09-16T21:44:11Z,94.8,1.1
1789595111,2026-09-16T21:45:11Z,94.8,11.0
1789595171,2026-09-16T21:46:11Z,94.8,1.2
1789595231,2026-09-16T21:47:11Z,94.8,1.0
1789595291,2026-09-16T21:48:11Z,94.8,1.0
1789595351,2026-09-16T21:49:11Z,94.8,1.1
1789595411,2026-09-16T21:50:11Z,94.8,1.0
1789595471,2026-09-16T21:51:11Z,94.8,0.9
1789595531,2026-09-16T21:52:11Z,94.8,1.7
1789595591,2026-09-16T21:53:11Z,94.8,0.9
1789595652,2026-09-16T21:54:12Z,94.8,1.0
1789595712,2026-09-16T21:55:12Z,94.8,0.7
1789595772,2026-09-16T21:56:12Z,94.8,0.9
1789595832,2026-09-16T21:57:12Z,94.8,1.0
1789595892,2026-09-16T21:58:12Z,94.8,0.9
1789595952,2026-09-16T21:59:12Z,94.8,1.0
1789596012,2026-09-16T22:00:12Z,95.4,1.0
1789596072,2026-09-16T22:01:12Z,95.4,4.4
1789596132,2026-09-16T22:02:12Z,95.2,0.9
1789596192,2026-09-16T22:03:12Z,95.4,0.9
1789596252,2026-09-16T22:04:12Z,95.4,0.9
1789596312,2026-09-16T22:05:12Z,95.4,0.9
1789596372,2026-09-16T22:06:12Z,95.4,1.2
1789596432,2026-09-16T22:07:12Z,94.7,1.0
1789596492,2026-09-16T22:08:12Z,94.7,2.1
1789596552,2026-09-16T22:09:12Z,94.7,1.0
1789596612,2026-09-16T22:10:12Z,94.7,1.0
1789596672,2026-09-16T22:11:12Z,94.8,1.0
1789596732,2026-09-16T22:12:12Z,94.7,1.0
1789596792,2026-09-16T22:13:12Z,94.8,1.2
1789596852,2026-09-16T22:14:12Z,94.8,1.0
1789596912,2026-09-16T22:15:12Z,94.8,1.5
1789596972,2026-09-16T22:16:12Z,94.7,1.0
1789597032,2026-09-16T22:17:12Z,93.9,9.8
1789597092,2026-09-16T22:18:12Z,94.6,0.9
1789597152,2026-09-16T22:19:12Z,94.5,0.8
1789597212,2026-09-16T22:20:12Z,94.5,0.9
1789597272,2026-09-16T22:21:12Z,94.5,0.9
1789597332,2026-09-16T22:22:12Z,94.5,1.2
1789597392,2026-09-16T22:23:12Z,94.5,0.6
1789597452,2026-09-16T22:24:12Z,94.5,1.9
1789597512,2026-09-16T22:25:12Z,94.5,0.9
1789597572,2026-09-16T22:26:12Z,94.5,1.0
1789597632,2026-09-16T22:27:12Z,94.5,0.9
1789597692,2026-09-16T22:28:12Z,94.5,1.0
1789597753,2026-09-16T22:29:13Z,94.5,0.9
1789597813,2026-09-16T22:30:13Z,94.6,1.1
1789597873,2026-09-16T22:31:13Z,94.5,1.5
1789597933,2026-09-16T22:32:13Z,94.5,1.0
1789597993,2026-09-16T22:33:13Z,94.5,4.8
1789598053,2026-09-16T22:34:13Z,94.6,0.9
1789598113,2026-09-16T22:35:13Z,93.9,0.9
1789598173,2026-09-16T22:36:13Z,93.9,0.7
1789598233,2026-09-16T22:37:13Z,93.9,1.0
1789598293,2026-09-16T22:38:13Z,93.9,1.3
1789598353,2026-09-16T22:39:13Z,93.5,1.1
1789598413,2026-09-16T22:40:13Z,93.5,2.7
1789598473,2026-09-16T22:41:13Z,93.5,1.0
1789598533,2026-09-16T22:42:13Z,93.5,1.1
1789598593,2026-09-16T22:43:13Z,93.9,1.2
1789598653,2026-09-16T22:44:13Z,93.9,1.2
1789598713,2026-09-16T22:45:13Z,93.9,1.1
1789598773,2026-09-16T22:46:13Z,93.9,1.0
1789598833,2026-09-16T22:47:13Z,92.2,1.9
1789598893,2026-09-16T22:48:13Z,92.2,0.9
1789598953,2026-09-16T22:49:13Z,92.2,10.3
1789599013,2026-09-16T22:50:13Z,92.2,0.9
1789599073,2026-09-16T22:51:13Z,92.2,1.1
1789599133,2026-09-16T22:52:13Z,92.2,1.1
1789599193,2026-09-16T22:53:13Z,92.2,1.0
1789599253,2026-09-16T22:54:13Z,92.2,1.4
1789599313,2026-09-16T22:55:13Z,92.2,1.0
1789599373,2026-09-16T22:56:13Z,92.2,4.9
1789599433,2026-09-16T22:57:13Z,92.2,0.7
1789599493,2026-09-16T22:58:13Z,92.2,1.1
1789599553,2026-09-16T22:59:13Z,92.2,1.1
1789599614,2026-09-16T23:00:14Z,92.2,1.0
1789599674,2026-09-16T23:01:14Z,92.2,1.1
1789599734,2026-09-16T23:02:14Z,92.2,1.1
1789599794,2026-09-16T23:03:14Z,92.2,2.5
1789599854,2026-09-16T23:04:14Z,92.2,1.0
1789599914,2026-09-16T23:05:14Z,92.2,1.0
1789599974,2026-09-16T23:06:14Z,92.2,0.9
1789600034,2026-09-16T23:07:14Z,92.2,0.9
1789600094,2026-09-16T23:08:14Z,92.2,0.9
1789600154,2026-09-16T23:09:14Z,92.2,0.9
1789600214,2026-09-16T23:10:14Z,92.2,1.1
1789600274,2026-09-16T23:11:14Z,92.2,0.9
1789600334,2026-09-16T23:12:14Z,92.2,5.0
1789600394,2026-09-16T23:13:14Z,92.2,0.9
1789600454,2026-09-16T23:14:14Z,92.2,7.0
1789600514,2026-09-16T23:15:14Z,92.2,0.9
1789600574,2026-09-16T23:16:14Z,92.2,0.9
1789600634,2026-09-16T23:17:14Z,92.2,1.0
1789600694,2026-09-16T23:18:14Z,91.5,0.9
1789600754,2026-09-16T23:19:14Z,91.5,0.6
1789600814,2026-09-16T23:20:14Z,91.5,0.9
1789600874,2026-09-16T23:21:14Z,91.5,6.3
1789600934,2026-09-16T23:22:14Z,91.5,1.1
1789600994,2026-09-16T23:23:14Z,92.0,1.0
1789601054,2026-09-16T23:24:14Z,92.1,1.2
1789601114,2026-09-16T23:25:14Z,92.0,1.0
1789601174,2026-09-16T23:26:14Z,92.1,1.2
1789601234,2026-09-16T23:27:14Z,92.1,1.0
1789601294,2026-09-16T23:28:14Z,92.0,1.9
1789601354,2026-09-16T23:29:14Z,92.1,1.0
1789601414,2026-09-16T23:30:14Z,92.1,10.2
1789601474,2026-09-16T23:31:14Z,92.1,1.0
1789601535,2026-09-16T23:32:15Z,92.1,1.0
1789601595,2026-09-16T23:33:15Z,92.1,1.2
1789601655,2026-09-16T23:34:15Z,92.1,0.9
1789601715,2026-09-16T23:35:15Z,92.0,1.0
1789601775,2026-09-16T23:36:15Z,92.0,1.1
1789601835,2026-09-16T23:37:15Z,92.0,2.7
1789601895,2026-09-16T23:38:15Z,92.0,1.1
1789601955,2026-09-16T23:39:15Z,92.0,7.6
1789602015,2026-09-16T23:40:15Z,92.0,1.0
1789602075,2026-09-16T23:41:15Z,92.0,1.0
1789602135,2026-09-16T23:42:15Z,91.9,0.9
1789602195,2026-09-16T23:43:15Z,91.9,0.9
1789602255,2026-09-16T23:44:15Z,91.9,1.3
1789602315,2026-09-16T23:45:15Z,92.0,0.8
1789602375,2026-09-16T23:46:15Z,92.0,2.8
1789602435,2026-09-16T23:47:15Z,92.0,1.1
1789602495,2026-09-16T23:48:15Z,92.1,1.1
1789602555,2026-09-16T23:49:15Z,92.1,0.9
1789602615,2026-09-16T23:50:15Z,92.1,0.9
1789602675,2026-09-16T23:51:15Z,92.1,0.6
1789602735,2026-09-16T23:52:15Z,92.1,1.1
1789602795,2026-09-16T23:53:15Z,92.1,2.0
1789602855,2026-09-16T23:54:15Z,92.1,1.1
1789602915,2026-09-16T23:55:15Z,92.1,0.9
1789602975,2026-09-16T23:56:15Z,92.1,1.1
1789603035,2026-09-16T23:57:15Z,92.1,1.1
1789603095,2026-09-16T23:58:15Z,92.1,1.2
1789603155,2026-09-16T23:59:15Z,92.1,1.0
1789603215,2026-09-17T00:00:15Z,92.1,1.4
1789603275,2026-09-17T00:01:15Z,92.1,1.1
1789603336,2026-09-17T00:02:16Z,92.1,4.5
1789603396,2026-09-17T00:03:16Z,92.1,1.3
1789603456,2026-09-17T00:04:16Z,92.1,0.7
1789603516,2026-09-17T00:05:16Z,91.5,0.9
1789603576,2026-09-17T00:06:16Z,91.5,0.9
1789603636,2026-09-17T00:07:16Z,91.1,0.9
1789603696,2026-09-17T00:08:16Z,91.1,0.9
1789603756,2026-09-17T00:09:16Z,91.6,1.4
1789603816,2026-09-17T00:10:16Z,92.0,1.0
1789603876,2026-09-17T00:11:16Z,92.0,6.4
1789603936,2026-09-17T00:12:16Z,92.0,0.8
1789603996,2026-09-17T00:13:16Z,92.0,0.9
1789604056,2026-09-17T00:14:16Z,92.0,0.9
1789604116,2026-09-17T00:15:16Z,92.0,1.0
1789604176,2026-09-17T00:16:16Z,92.0,1.0
1789604236,2026-09-17T00:17:16Z,91.9,1.0
1789604296,2026-09-17T00:18:16Z,91.9,1.9
1789604356,2026-09-17T00:19:16Z,92.0,0.8
1789604416,2026-09-17T00:20:16Z,91.9,0.6
1789604476,2026-09-17T00:21:16Z,92.0,0.9
1789604536,2026-09-17T00:22:16Z,92.0,1.0
1789604596,2026-09-17T00:23:16Z,92.6,1.0
1789604656,2026-09-17T00:24:16Z,92.7,0.9
1789604716,2026-09-17T00:25:16Z,92.6,1.4
1789604776,2026-09-17T00:26:16Z,92.7,1.0
1789604836,2026-09-17T00:27:16Z,92.6,4.9
1789604896,2026-09-17T00:28:16Z,92.6,0.9
1789604956,2026-09-17T00:29:16Z,92.6,1.0
1789605016,2026-09-17T00:30:16Z,92.6,1.0
1789605076,2026-09-17T00:31:16Z,92.6,1.0
1789605136,2026-09-17T00:32:16Z,92.2,1.1
1789605196,2026-09-17T00:33:16Z,92.2,1.1
1789605257,2026-09-17T00:34:17Z,92.2,4.1
1789605317,2026-09-17T00:35:17Z,92.2,0.9
1789605377,2026-09-17T00:36:17Z,92.2,1.0
1789605437,2026-09-17T00:37:17Z,92.2,1.0
1789605497,2026-09-17T00:38:17Z,92.2,1.0
1789605557,2026-09-17T00:39:17Z,92.2,1.2
1789605617,2026-09-17T00:40:17Z,92.2,0.9
1789605677,2026-09-17T00:41:17Z,92.1,2.3
1789605737,2026-09-17T00:42:17Z,92.0,0.9
1789605797,2026-09-17T00:43:17Z,92.1,0.9
1789605857,2026-09-17T00:44:17Z,92.1,1.0
1789605917,2026-09-17T00:45:17Z,92.1,0.9
1789605977,2026-09-17T00:46:17Z,92.1,1.0
1789606037,2026-09-17T00:47:17Z,92.1,1.0
1789606097,2026-09-17T00:48:17Z,92.1,1.4
1789606157,2026-09-17T00:49:17Z,92.1,1.1
1789606217,2026-09-17T00:50:17Z,92.1,3.7
1789606277,2026-09-17T00:51:17Z,92.1,1.0
1789606337,2026-09-17T00:52:17Z,92.1,1.1
1789606397,2026-09-17T00:53:17Z,92.1,0.6
1789606457,2026-09-17T00:54:17Z,91.6,1.1
1789606517,2026-09-17T00:55:17Z,91.4,1.3
1789606577,2026-09-17T00:56:17Z,91.4,1.0
1789606637,2026-09-17T00:57:17Z,91.4,2.2
1789606697,2026-09-17T00:58:17Z,91.4,1.0
1789606757,2026-09-17T00:59:17Z,91.4,1.0
1789606817,2026-09-17T01:00:17Z,91.4,0.7
1789606877,2026-09-17T01:01:17Z,91.4,0.9
1789606937,2026-09-17T01:02:17Z,91.4,1.0
1789606997,2026-09-17T01:03:17Z,91.4,0.9
1789607057,2026-09-17T01:04:17Z,91.4,1.4
1789607117,2026-09-17T01:05:17Z,91.4,0.8
1789607177,2026-09-17T01:06:17Z,91.4,0.8
1789607237,2026-09-17T01:07:17Z,91.4,0.8
1789607297,2026-09-17T01:08:17Z,91.4,0.8
1789607357,2026-09-17T01:09:17Z,91.4,0.7
1789607417,2026-09-17T01:10:17Z,91.4,0.8
1789607478,2026-09-17T01:11:18Z,91.4,1.5
1789607538,2026-09-17T01:12:18Z,91.4,0.6
1789607598,2026-09-17T01:13:18Z,91.4,4.9
1789607658,2026-09-17T01:14:18Z,91.4,0.8
1789607718,2026-09-17T01:15:18Z,91.4,0.8
1789607778,2026-09-17T01:16:18Z,91.4,0.7
1789607838,2026-09-17T01:17:18Z,91.4,0.7
1789607898,2026-09-17T01:18:18Z,91.3,1.0
1789607958,2026-09-17T01:19:18Z,91.3,0.8
1789608018,2026-09-17T01:20:18Z,91.3,2.8
1789608078,2026-09-17T01:21:18Z,91.3,0.7
1789608138,2026-09-17T01:22:18Z,91.3,0.6
1789608198,2026-09-17T01:23:18Z,91.3,0.7
1789608258,2026-09-17T01:24:18Z,91.3,0.8
1789608318,2026-09-17T01:25:18Z,91.3,0.7
1789608378,2026-09-17T01:26:18Z,91.3,0.6
1789608438,2026-09-17T01:27:18Z,91.3,1.5
1789608498,2026-09-17T01:28:18Z,91.3,0.6
1789608558,2026-09-17T01:29:18Z,91.3,0.8
1789608618,2026-09-17T01:30:18Z,91.3,0.7
1789608678,2026-09-17T01:31:18Z,91.3,0.7
1789608738,2026-09-17T01:32:18Z,91.3,0.9
1789608798,2026-09-17T01:33:18Z,91.3,0.9
1789608858,2026-09-17T01:34:18Z,91.3,1.0
1789608918,2026-09-17T01:35:18Z,91.3,0.7
1789608978,2026-09-17T01:36:18Z,91.3,0.7
1789609038,2026-09-17T01:37:18Z,91.3,0.7
1789609098,2026-09-17T01:38:18Z,91.3,0.7
1789609158,2026-09-17T01:39:18Z,91.3,0.6
1789609218,2026-09-17T01:40:18Z,91.3,0.6
1789609278,2026-09-17T01:41:18Z,91.3,0.8
1789609338,2026-09-17T01:42:18Z,91.5,0.7
1789609398,2026-09-17T01:43:18Z,92.0,1.3
1789609458,2026-09-17T01:44:18Z,92.1,0.7
1789609518,2026-09-17T01:45:18Z,92.1,0.6
1789609578,2026-09-17T01:46:18Z,92.1,0.6
1789609638,2026-09-17T01:47:18Z,92.1,0.6
1789609698,2026-09-17T01:48:18Z,92.8,0.7
1789609759,2026-09-17T01:49:19Z,92.8,0.7
1789609819,2026-09-17T01:50:19Z,92.8,0.8
1789609879,2026-09-17T01:51:19Z,92.8,0.7
1789609939,2026-09-17T01:52:19Z,92.8,3.7
1789609999,2026-09-17T01:53:19Z,92.9,0.7
1789610059,2026-09-17T01:54:19Z,92.9,0.8
1789610119,2026-09-17T01:55:19Z,92.9,0.8
1789610179,2026-09-17T01:56:19Z,92.9,0.7
1789610239,2026-09-17T01:57:19Z,92.9,0.8
1789610299,2026-09-17T01:58:19Z,92.9,0.7
1789610359,2026-09-17T01:59:19Z,92.9,1.1
1789610419,2026-09-17T02:00:19Z,92.9,0.7
1789610479,2026-09-17T02:01:19Z,92.9,0.7
1789610539,2026-09-17T02:02:19Z,92.9,0.7
1789610599,2026-09-17T02:03:19Z,92.9,0.6
1789610659,2026-09-17T02:04:19Z,92.9,0.7
1789610719,2026-09-17T02:05:19Z,92.9,0.6
1789610779,2026-09-17T02:06:19Z,92.6,1.0
1789610839,2026-09-17T02:07:19Z,92.6,0.6
1789610899,2026-09-17T02:08:19Z,92.6,4.1
1789610959,2026-09-17T02:09:19Z,92.6,0.6
1789611019,2026-09-17T02:10:19Z,92.6,0.6
1789611079,2026-09-17T02:11:19Z,92.7,0.6
1789611139,2026-09-17T02:12:19Z,92.6,0.6
1789611199,2026-09-17T02:13:19Z,92.6,0.8
1789611259,2026-09-17T02:14:19Z,92.7,0.6
1789611319,2026-09-17T02:15:19Z,92.6,3.6
1789611379,2026-09-17T02:16:19Z,92.6,0.8
1789611439,2026-09-17T02:17:19Z,92.1,0.6
1789611499,2026-09-17T02:18:19Z,92.0,0.7
1789611559,2026-09-17T02:19:19Z,92.1,0.6
1789611619,2026-09-17T02:20:19Z,92.0,0.8
1789611679,2026-09-17T02:21:19Z,92.0,0.7
1789611739,2026-09-17T02:22:19Z,92.1,2.2
1789611799,2026-09-17T02:23:19Z,92.1,0.9
1789611859,2026-09-17T02:24:19Z,92.1,6.7
1789611919,2026-09-17T02:25:19Z,92.0,0.7
1789611979,2026-09-17T02:26:19Z,92.7,0.8
1789612039,2026-09-17T02:27:19Z,92.7,0.8
1789612099,2026-09-17T02:28:19Z,92.1,0.8
1789612159,2026-09-17T02:29:19Z,92.0,0.8
1789612220,2026-09-17T02:30:20Z,92.1,0.8
1789612280,2026-09-17T02:31:20Z,92.0,3.3
1789612340,2026-09-17T02:32:20Z,92.0,0.6
1789612400,2026-09-17T02:33:20Z,92.0,0.6
1789612460,2026-09-17T02:34:20Z,92.0,0.6
1789612520,2026-09-17T02:35:20Z,92.0,0.6
1789612580,2026-09-17T02:36:20Z,92.0,0.7
1789612640,2026-09-17T02:37:20Z,92.0,0.8
1789612700,2026-09-17T02:38:20Z,92.7,2.1
1789612760,2026-09-17T02:39:20Z,92.7,0.6
1789612820,2026-09-17T02:40:20Z,92.6,0.6
1789612880,2026-09-17T02:41:20Z,92.6,0.8
1789612940,2026-09-17T02:42:20Z,92.6,0.6
1789613000,2026-09-17T02:43:20Z,92.7,0.7
1789613060,2026-09-17T02:44:20Z,92.6,0.6
1789613120,2026-09-17T02:45:20Z,92.6,0.9
1789613180,2026-09-17T02:46:20Z,92.6,0.7
1789613240,2026-09-17T02:47:20Z,92.6,4.0
1789613300,2026-09-17T02:48:20Z,92.7,0.6
1789613360,2026-09-17T02:49:20Z,92.6,0.8
1789613420,2026-09-17T02:50:20Z,92.3,0.7
1789613480,2026-09-17T02:51:20Z,92.1,0.8
1789613540,2026-09-17T02:52:20Z,92.1,0.9
1789613600,2026-09-17T02:53:20Z,92.1,0.7
1789613660,2026-09-17T02:54:20Z,92.1,2.8
1789613720,2026-09-17T02:55:20Z,92.1,0.8
1789613780,2026-09-17T02:56:20Z,92.1,0.6
1789613840,2026-09-17T02:57:20Z,92.1,0.7
1789613900,2026-09-17T02:58:20Z,92.1,0.8
1789613960,2026-09-17T02:59:20Z,92.1,0.9
1789614020,2026-09-17T03:00:20Z,92.1,0.9
1789614080,2026-09-17T03:01:20Z,92.1,1.7
1789614140,2026-09-17T03:02:20Z,92.1,0.9
1789614200,2026-09-17T03:03:20Z,92.1,7.2
1789614260,2026-09-17T03:04:20Z,92.1,0.8
1789614320,2026-09-17T03:05:20Z,91.5,1.0
1789614381,2026-09-17T03:06:21Z,91.5,0.9
1789614441,2026-09-17T03:07:21Z,91.5,1.1
1789614501,2026-09-17T03:08:21Z,91.7,1.1
1789614561,2026-09-17T03:09:21Z,91.6,0.9
1789614621,2026-09-17T03:10:21Z,91.7,1.4
1789614681,2026-09-17T03:11:21Z,91.7,1.0
1789614741,2026-09-17T03:12:21Z,91.6,0.9
1789614801,2026-09-17T03:13:21Z,91.7,0.9
1789614861,2026-09-17T03:14:21Z,91.6,0.9
1789614921,2026-09-17T03:15:21Z,91.6,0.7
1789614981,2026-09-17T03:16:21Z,91.7,1.0
1789615041,2026-09-17T03:17:21Z,91.7,1.2
1789615101,2026-09-17T03:18:21Z,89.1,0.8
1789615161,2026-09-17T03:19:21Z,89.0,3.6
1789615221,2026-09-17T03:20:21Z,89.1,1.0
1789615281,2026-09-17T03:21:21Z,89.1,1.0
1789615341,2026-09-17T03:22:21Z,89.1,1.0
1789615401,2026-09-17T03:23:21Z,89.1,1.0
1789615461,2026-09-17T03:24:21Z,89.1,0.9
1789615521,2026-09-17T03:25:21Z,89.0,1.0
1789615581,2026-09-17T03:26:21Z,89.0,2.4
1789615641,2026-09-17T03:27:21Z,89.1,1.0
1789615701,2026-09-17T03:28:21Z,89.1,1.2
1789615761,2026-09-17T03:29:21Z,89.1,0.9
1789615821,2026-09-17T03:30:21Z,89.0,1.0
1789615881,2026-09-17T03:31:21Z,89.1,0.9
1789615941,2026-09-17T03:32:21Z,89.1,1.1
1789616001,2026-09-17T03:33:21Z,89.1,1.5
1789616061,2026-09-17T03:34:21Z,89.1,1.0
1789616122,2026-09-17T03:35:22Z,89.1,9.3
1789616182,2026-09-17T03:36:22Z,89.1,1.0
1789616242,2026-09-17T03:37:22Z,89.1,1.0
1789616302,2026-09-17T03:38:22Z,89.9,1.0
1789616362,2026-09-17T03:39:22Z,89.9,1.1
1789616422,2026-09-17T03:40:22Z,89.9,1.1
1789616482,2026-09-17T03:41:22Z,90.1,0.8
1789616542,2026-09-17T03:42:22Z,90.0,6.5
1789616602,2026-09-17T03:43:22Z,90.1,1.0
1789616662,2026-09-17T03:44:22Z,90.2,0.9
1789616722,2026-09-17T03:45:22Z,90.2,1.0
1789616782,2026-09-17T03:46:22Z,90.2,1.0
1789616842,2026-09-17T03:47:22Z,90.2,1.0
1789616902,2026-09-17T03:48:22Z,90.1,1.1
1789616962,2026-09-17T03:49:22Z,90.1,1.0
1789617022,2026-09-17T03:50:22Z,90.1,1.0
1789617082,2026-09-17T03:51:22Z,90.1,2.9
1789617142,2026-09-17T03:52:22Z,90.1,0.9
1789617202,2026-09-17T03:53:22Z,90.0,1.0
1789617262,2026-09-17T03:54:22Z,89.6,1.0
1789617322,2026-09-17T03:55:22Z,89.6,0.7
1789617382,2026-09-17T03:56:22Z,89.7,1.0
1789617442,2026-09-17T03:57:22Z,89.7,0.9
1789617502,2026-09-17T03:58:22Z,89.6,2.3
1789617562,2026-09-17T03:59:22Z,89.7,1.0
1789617622,2026-09-17T04:00:22Z,89.6,8.7
1789617682,2026-09-17T04:01:22Z,89.7,0.9
1789617742,2026-09-17T04:02:22Z,90.1,0.9
1789617802,2026-09-17T04:03:22Z,90.1,0.9
1789617862,2026-09-17T04:04:22Z,91.5,1.0
1789617922,2026-09-17T04:05:22Z,91.5,1.2
1789617982,2026-09-17T04:06:22Z,91.2,1.0
1789618042,2026-09-17T04:07:22Z,91.0,2.9
1789618103,2026-09-17T04:08:23Z,91.0,0.9
1789618163,2026-09-17T04:09:23Z,91.0,0.9
1789618223,2026-09-17T04:10:23Z,91.0,1.0
1789618283,2026-09-17T04:11:23Z,91.0,1.0
1789618343,2026-09-17T04:12:23Z,91.5,1.2
1789618403,2026-09-17T04:13:23Z,92.3,1.2
1789618463,2026-09-17T04:14:23Z,93.8,1.0
1789618523,2026-09-17T04:15:23Z,93.8,1.1
1789618583,2026-09-17T04:16:23Z,93.8,6.0
1789618643,2026-09-17T04:17:23Z,91.4,1.0
1789618703,2026-09-17T04:18:23Z,91.4,1.0
1789618763,2026-09-17T04:19:23Z,92.6,1.1
1789618823,2026-09-17T04:20:23Z,92.6,1.0
1789618883,2026-09-17T04:21:23Z,92.6,1.1
1789618943,2026-09-17T04:22:23Z,90.2,0.9
1789619003,2026-09-17T04:23:23Z,89.6,4.0
1789619063,2026-09-17T04:24:23Z,90.5,0.9
1789619123,2026-09-17T04:25:23Z,90.4,0.9
1789619183,2026-09-17T04:26:23Z,88.9,0.7
1789619243,2026-09-17T04:27:23Z,89.0,0.9
1789619303,2026-09-17T04:28:23Z,88.9,0.9
1789619363,2026-09-17T04:29:23Z,91.1,0.9
1789619423,2026-09-17T04:30:23Z,91.1,1.0
1789619483,2026-09-17T04:31:23Z,90.6,0.7
1789619543,2026-09-17T04:32:23Z,90.6,6.8
1789619603,2026-09-17T04:33:23Z,89.9,0.7
1789619663,2026-09-17T04:34:23Z,90.1,0.7
1789619723,2026-09-17T04:35:23Z,90.0,0.6
1789619783,2026-09-17T04:36:23Z,90.0,0.6
1789619843,2026-09-17T04:37:23Z,90.0,0.8
1789619903,2026-09-17T04:38:23Z,90.0,0.6
1789619963,2026-09-17T04:39:23Z,90.0,3.2
1789620023,2026-09-17T04:40:23Z,90.0,0.6
1789620083,2026-09-17T04:41:23Z,90.0,0.6
1789620143,2026-09-17T04:42:23Z,89.4,0.6
1789620203,2026-09-17T04:43:23Z,89.4,0.6
1789620263,2026-09-17T04:44:23Z,89.4,0.7
1789620323,2026-09-17T04:45:23Z,89.4,0.6
1789620383,2026-09-17T04:46:23Z,89.4,2.0
1789620443,2026-09-17T04:47:23Z,89.4,0.5
1789620503,2026-09-17T04:48:23Z,89.8,0.5
1789620564,2026-09-17T04:49:24Z,89.8,0.5
1789620624,2026-09-17T04:50:24Z,89.8,0.6
1789620684,2026-09-17T04:51:24Z,89.8,0.6
1789620744,2026-09-17T04:52:24Z,89.8,0.5
1789620804,2026-09-17T04:53:24Z,89.8,1.4
1789620864,2026-09-17T04:54:24Z,90.5,0.5
1789620924,2026-09-17T04:55:24Z,90.8,0.5
1789620984,2026-09-17T04:56:24Z,90.4,0.6
1789621044,2026-09-17T04:57:24Z,90.4,0.5
1789621104,2026-09-17T04:58:24Z,90.4,0.5
1789621164,2026-09-17T04:59:24Z,90.4,0.5
1789621224,2026-09-17T05:00:24Z,90.4,0.8
1789621284,2026-09-17T05:01:24Z,90.2,0.5
1789621344,2026-09-17T05:02:24Z,90.2,4.0
1789621404,2026-09-17T05:03:24Z,90.3,0.5
1789621464,2026-09-17T05:04:24Z,90.2,0.5
1789621524,2026-09-17T05:05:24Z,90.3,0.5
1789621584,2026-09-17T05:06:24Z,90.2,0.5
1789621644,2026-09-17T05:07:24Z,90.2,0.6
1789621704,2026-09-17T05:08:24Z,89.6,0.5
1789621764,2026-09-17T05:09:24Z,89.7,3.8
1789621824,2026-09-17T05:10:24Z,89.7,0.5
1789621884,2026-09-17T05:11:24Z,89.7,0.5
1789621944,2026-09-17T05:12:24Z,89.7,0.5
1789622004,2026-09-17T05:13:24Z,89.7,0.6
1789622064,2026-09-17T05:14:24Z,89.7,0.5
1789622124,2026-09-17T05:15:24Z,89.6,0.5
1789622184,2026-09-17T05:16:24Z,89.7,1.7
1789622244,2026-09-17T05:17:24Z,89.7,0.5
1789622304,2026-09-17T05:18:24Z,87.5,0.5
1789622364,2026-09-17T05:19:24Z,88.9,0.6
1789622424,2026-09-17T05:20:24Z,89.3,0.5
1789622484,2026-09-17T05:21:24Z,89.3,0.5
1789622544,2026-09-17T05:22:24Z,89.3,0.5
1789622604,2026-09-17T05:23:24Z,89.3,1.1
1789622664,2026-09-17T05:24:24Z,89.3,0.5
1789622724,2026-09-17T05:25:24Z,89.8,0.5
1789622784,2026-09-17T05:26:24Z,89.8,0.5
1789622844,2026-09-17T05:27:24Z,89.8,0.5
1789622904,2026-09-17T05:28:24Z,89.8,0.5
1789622964,2026-09-17T05:29:24Z,90.4,0.5
1789623025,2026-09-17T05:30:25Z,89.9,0.8
1789623085,2026-09-17T05:31:25Z,87.8,0.5
1789623145,2026-09-17T05:32:25Z,87.5,4.0
1789623205,2026-09-17T05:33:25Z,87.5,0.6
1789623265,2026-09-17T05:34:25Z,88.7,0.5
1789623325,2026-09-17T05:35:25Z,88.8,0.5
1789623385,2026-09-17T05:36:25Z,88.9,0.5
1789623445,2026-09-17T05:37:25Z,89.2,0.5
1789623505,2026-09-17T05:38:25Z,89.2,0.5
1789623565,2026-09-17T05:39:25Z,89.2,1.8
1789623625,2026-09-17T05:40:25Z,89.2,0.5
1789623685,2026-09-17T05:41:25Z,89.2,0.6
1789623745,2026-09-17T05:42:25Z,89.2,0.7
1789623805,2026-09-17T05:43:25Z,89.2,0.7
1789623865,2026-09-17T05:44:25Z,89.7,0.7
1789623925,2026-09-17T05:45:25Z,89.8,0.9
1789623985,2026-09-17T05:46:25Z,89.8,1.1
1789624045,2026-09-17T05:47:25Z,89.7,1.0
1789624105,2026-09-17T05:48:25Z,89.7,9.7
1789624165,2026-09-17T05:49:25Z,89.4,0.7
1789624225,2026-09-17T05:50:25Z,89.4,0.7
1789624285,2026-09-17T05:51:25Z,89.4,0.9
1789624345,2026-09-17T05:52:25Z,89.4,1.2
1789624405,2026-09-17T05:53:25Z,89.4,1.1
1789624465,2026-09-17T05:54:25Z,89.6,1.2
1789624525,2026-09-17T05:55:25Z,89.9,4.4
1789624585,2026-09-17T05:56:25Z,88.7,0.6
1789624645,2026-09-17T05:57:25Z,88.7,1.0
1789624705,2026-09-17T05:58:25Z,88.6,1.1
1789624765,2026-09-17T05:59:25Z,89.8,0.8
1789624826,2026-09-17T06:00:26Z,89.3,1.0
1789624886,2026-09-17T06:01:26Z,89.4,1.0
1789624946,2026-09-17T06:02:26Z,89.3,2.0
1789625006,2026-09-17T06:03:26Z,89.3,0.9
1789625066,2026-09-17T06:04:26Z,89.3,10.0
1789625126,2026-09-17T06:05:26Z,89.4,1.0
1789625186,2026-09-17T06:06:26Z,89.2,1.0
1789625246,2026-09-17T06:07:26Z,89.2,1.2
1789625306,2026-09-17T06:08:26Z,89.2,1.1
1789625366,2026-09-17T06:09:26Z,89.4,1.1
1789625426,2026-09-17T06:10:26Z,89.4,1.0
1789625486,2026-09-17T06:11:26Z,89.1,3.3
1789625546,2026-09-17T06:12:26Z,89.1,0.9
1789625606,2026-09-17T06:13:26Z,88.9,1.1
1789625666,2026-09-17T06:14:26Z,89.1,0.9
1789625726,2026-09-17T06:15:26Z,89.1,0.9
1789625786,2026-09-17T06:16:26Z,89.1,0.9
1789625846,2026-09-17T06:17:26Z,84.5,0.9
1789625906,2026-09-17T06:18:26Z,84.1,0.9
1789625966,2026-09-17T06:19:26Z,84.2,0.7
1789626026,2026-09-17T06:20:26Z,84.2,6.0
1789626086,2026-09-17T06:21:26Z,84.2,0.7
1789626146,2026-09-17T06:22:26Z,84.2,0.9
1789626206,2026-09-17T06:23:26Z,84.2,0.8
1789626266,2026-09-17T06:24:26Z,84.1,0.8
1789626326,2026-09-17T06:25:26Z,84.5,0.8
1789626386,2026-09-17T06:26:26Z,84.6,0.6
1789626446,2026-09-17T06:27:26Z,84.5,4.4
1789626506,2026-09-17T06:28:26Z,84.5,0.7
1789626566,2026-09-17T06:29:26Z,84.6,0.8
1789626626,2026-09-17T06:30:26Z,84.6,0.7
1789626686,2026-09-17T06:31:26Z,85.1,0.7
1789626746,2026-09-17T06:32:26Z,85.7,0.8
1789626806,2026-09-17T06:33:26Z,85.7,0.6
1789626866,2026-09-17T06:34:26Z,85.3,2.7
1789626926,2026-09-17T06:35:26Z,85.3,0.7
1789626986,2026-09-17T06:36:26Z,85.4,0.9
1789627047,2026-09-17T06:37:27Z,85.3,0.8
1789627107,2026-09-17T06:38:27Z,85.0,0.6
1789627167,2026-09-17T06:39:27Z,85.3,0.8
1789627227,2026-09-17T06:40:27Z,85.1,0.8
1789627287,2026-09-17T06:41:27Z,83.8,1.4
1789627347,2026-09-17T06:42:27Z,83.5,0.7
1789627407,2026-09-17T06:43:27Z,82.8,0.6
1789627467,2026-09-17T06:44:27Z,84.1,0.7
1789627527,2026-09-17T06:45:27Z,84.1,0.6
1789627587,2026-09-17T06:46:27Z,84.0,0.7
1789627647,2026-09-17T06:47:27Z,84.0,0.7
1789627707,2026-09-17T06:48:27Z,84.0,0.9
1789627767,2026-09-17T06:49:27Z,85.3,0.6
1789627827,2026-09-17T06:50:27Z,85.3,4.4
1789627887,2026-09-17T06:51:27Z,85.3,0.7
1789627947,2026-09-17T06:52:27Z,85.3,0.8
1789628007,2026-09-17T06:53:27Z,85.1,0.8
1789628067,2026-09-17T06:54:27Z,86.3,0.8
1789628127,2026-09-17T06:55:27Z,86.8,0.8
1789628187,2026-09-17T06:56:27Z,85.1,0.7
1789628247,2026-09-17T06:57:27Z,84.9,3.5
1789628307,2026-09-17T06:58:27Z,84.1,0.7
1789628367,2026-09-17T06:59:27Z,85.2,0.7
1789628427,2026-09-17T07:00:27Z,82.7,0.8
1789628487,2026-09-17T07:01:27Z,82.4,0.6
1789628547,2026-09-17T07:02:27Z,82.3,0.8
1789628607,2026-09-17T07:03:27Z,82.8,0.6
1789628667,2026-09-17T07:04:27Z,84.2,1.4
1789628727,2026-09-17T07:05:27Z,82.3,0.6
1789628787,2026-09-17T07:06:27Z,82.5,0.6
1789628847,2026-09-17T07:07:27Z,81.1,0.6
1789628907,2026-09-17T07:08:27Z,81.0,0.7
1789628967,2026-09-17T07:09:27Z,81.4,0.8
1789629027,2026-09-17T07:10:27Z,81.5,0.7
1789629087,2026-09-17T07:11:27Z,80.1,1.1
1789629147,2026-09-17T07:12:27Z,80.1,0.7
1789629207,2026-09-17T07:13:27Z,80.1,0.6
1789629267,2026-09-17T07:14:27Z,81.5,0.7
1789629327,2026-09-17T07:15:27Z,81.5,0.6
1789629387,2026-09-17T07:16:27Z,81.0,0.6
1789629447,2026-09-17T07:17:27Z,80.2,0.8
1789629507,2026-09-17T07:18:28Z,78.6,0.8
1789629568,2026-09-17T07:19:28Z,79.6,0.6
1789629628,2026-09-17T07:20:28Z,79.8,4.4
1789629688,2026-09-17T07:21:28Z,79.8,0.9
1789629748,2026-09-17T07:22:28Z,79.1,0.7
1789629808,2026-09-17T07:23:28Z,78.0,0.9
1789629868,2026-09-17T07:24:28Z,79.9,0.7
1789629928,2026-09-17T07:25:28Z,79.7,0.8
1789629988,2026-09-17T07:26:28Z,79.6,0.7
1789630048,2026-09-17T07:27:28Z,79.7,2.5
1789630108,2026-09-17T07:28:28Z,79.7,0.9
1789630168,2026-09-17T07:29:28Z,79.7,0.7
1789630228,2026-09-17T07:30:28Z,79.7,0.7
1789630288,2026-09-17T07:31:28Z,79.6,0.5
1789630348,2026-09-17T07:32:28Z,78.5,0.9
1789630408,2026-09-17T07:33:28Z,78.5,0.9
1789630468,2026-09-17T07:34:28Z,78.6,1.8
1789630528,2026-09-17T07:35:28Z,78.6,0.9
1789630588,2026-09-17T07:36:28Z,78.6,2.2
1789630648,2026-09-17T07:37:28Z,78.6,0.7
1789630708,2026-09-17T07:38:28Z,78.6,0.7
1789630768,2026-09-17T07:39:28Z,78.6,1.0
1789630828,2026-09-17T07:40:28Z,78.6,0.6
1789630888,2026-09-17T07:41:28Z,78.6,1.0
1789630948,2026-09-17T07:42:28Z,78.6,0.6
1789631008,2026-09-17T07:43:28Z,78.6,6.8
1789631068,2026-09-17T07:44:28Z,78.6,1.0
1789631128,2026-09-17T07:45:28Z,78.6,1.0
1789631188,2026-09-17T07:46:28Z,78.4,0.6
1789631248,2026-09-17T07:47:28Z,78.6,1.1
1789631308,2026-09-17T07:48:28Z,78.6,1.0
1789631369,2026-09-17T07:49:29Z,78.5,1.0
1789631429,2026-09-17T07:50:29Z,78.5,2.4
1789631489,2026-09-17T07:51:29Z,78.5,1.1
1789631549,2026-09-17T07:52:29Z,78.5,0.8
1789631609,2026-09-17T07:53:29Z,79.1,1.1
1789631669,2026-09-17T07:54:29Z,79.1,0.9
1789631729,2026-09-17T07:55:29Z,79.6,0.8
1789631789,2026-09-17T07:56:29Z,79.6,0.7
1789631849,2026-09-17T07:57:29Z,79.6,1.9
1789631909,2026-09-17T07:58:29Z,79.4,1.1
1789631969,2026-09-17T07:59:29Z,79.6,3.3
1789632029,2026-09-17T08:00:29Z,78.4,0.9
1789632089,2026-09-17T08:01:29Z,78.3,0.8
1789632149,2026-09-17T08:02:29Z,78.3,1.2
1789632209,2026-09-17T08:03:29Z,77.7,1.2
1789632269,2026-09-17T08:04:29Z,79.5,1.0
1789632329,2026-09-17T08:05:29Z,79.1,0.9
1789632389,2026-09-17T08:06:29Z,79.3,1.2
1789632449,2026-09-17T08:07:29Z,77.1,0.7
1789632509,2026-09-17T08:08:29Z,77.2,4.3
1789632569,2026-09-17T08:09:29Z,78.6,1.0
1789632629,2026-09-17T08:10:29Z,78.6,1.1
1789632689,2026-09-17T08:11:29Z,78.6,1.0
1789632749,2026-09-17T08:12:29Z,78.5,1.0
1789632809,2026-09-17T08:13:29Z,79.0,1.0
1789632869,2026-09-17T08:14:29Z,79.1,1.0
1789632929,2026-09-17T08:15:29Z,78.9,2.3
1789632989,2026-09-17T08:16:29Z,79.0,0.6
1789633049,2026-09-17T08:17:30Z,79.0,7.2
1789633110,2026-09-17T08:18:30Z,79.2,0.7
1789633170,2026-09-17T08:19:30Z,76.1,0.6
1789633230,2026-09-17T08:20:30Z,75.7,0.6
1789633290,2026-09-17T08:21:30Z,75.7,0.5
1789633350,2026-09-17T08:22:30Z,75.8,1.1
1789633410,2026-09-17T08:23:30Z,75.8,0.9
1789633470,2026-09-17T08:24:30Z,76.9,5.1
1789633530,2026-09-17T08:25:30Z,76.9,1.0
1789633590,2026-09-17T08:26:30Z,76.7,0.5
1789633650,2026-09-17T08:27:30Z,76.8,0.6
1789633710,2026-09-17T08:28:30Z,76.9,0.6
1789633770,2026-09-17T08:29:30Z,76.9,1.2
1789633830,2026-09-17T08:30:30Z,76.9,0.6
1789633890,2026-09-17T08:31:30Z,76.9,4.3
1789633950,2026-09-17T08:32:30Z,76.9,1.0
1789634010,2026-09-17T08:33:30Z,76.9,0.9
1789634070,2026-09-17T08:34:30Z,76.9,1.0
1789634130,2026-09-17T08:35:30Z,77.0,1.0
1789634190,2026-09-17T08:36:30Z,76.9,1.0
1789634250,2026-09-17T08:37:30Z,76.9,1.1
1789634310,2026-09-17T08:38:30Z,76.9,1.5
1789634370,2026-09-17T08:39:30Z,76.9,0.9
1789634430,2026-09-17T08:40:30Z,76.7,10.1
1789634490,2026-09-17T08:41:30Z,76.7,0.6
1789634550,2026-09-17T08:42:30Z,76.7,1.0
1789634610,2026-09-17T08:43:30Z,76.7,1.0
1789634670,2026-09-17T08:44:30Z,76.8,1.0
1789634730,2026-09-17T08:45:30Z,77.2,1.3
1789634790,2026-09-17T08:46:30Z,77.2,1.0
1789634850,2026-09-17T08:47:30Z,77.2,5.4
1789634910,2026-09-17T08:48:30Z,77.2,1.0
1789634970,2026-09-17T08:49:30Z,77.0,1.0
1789635030,2026-09-17T08:50:30Z,76.9,1.2
1789635090,2026-09-17T08:51:30Z,76.9,0.6
1789635151,2026-09-17T08:52:31Z,74.2,0.9
1789635211,2026-09-17T08:53:31Z,74.6,0.6
1789635271,2026-09-17T08:54:31Z,76.4,1.2
1789635331,2026-09-17T08:55:31Z,76.8,0.9
1789635391,2026-09-17T08:56:31Z,76.8,6.0
1789635451,2026-09-17T08:57:31Z,75.9,0.6
1789635511,2026-09-17T08:58:31Z,74.5,0.6
1789635571,2026-09-17T08:59:31Z,76.1,0.7
1789635631,2026-09-17T09:00:31Z,76.1,0.7
1789635691,2026-09-17T09:01:31Z,74.6,0.7
1789635751,2026-09-17T09:02:31Z,74.0,0.7
1789635811,2026-09-17T09:03:31Z,74.6,3.0
1789635871,2026-09-17T09:04:31Z,75.2,0.8
1789635931,2026-09-17T09:05:31Z,75.1,0.6
1789635991,2026-09-17T09:06:31Z,75.2,0.6
1789636051,2026-09-17T09:07:31Z,74.0,0.6
1789636111,2026-09-17T09:08:31Z,73.5,0.8
1789636171,2026-09-17T09:09:31Z,73.8,0.5
1789636231,2026-09-17T09:10:31Z,74.8,2.1
1789636291,2026-09-17T09:11:31Z,74.8,0.6
1789636351,2026-09-17T09:12:31Z,74.8,0.6
1789636411,2026-09-17T09:13:31Z,74.8,0.6
1789636471,2026-09-17T09:14:31Z,74.9,0.5
1789636531,2026-09-17T09:15:31Z,74.9,0.5
1789636591,2026-09-17T09:16:31Z,74.9,0.5
1789636651,2026-09-17T09:17:31Z,74.9,1.1
1789636711,2026-09-17T09:18:31Z,74.9,0.5
1789636771,2026-09-17T09:19:31Z,75.1,0.5
1789636831,2026-09-17T09:20:31Z,75.1,0.5
1789636891,2026-09-17T09:21:31Z,75.1,0.6
1789636951,2026-09-17T09:22:31Z,75.1,0.7
1789637011,2026-09-17T09:23:31Z,75.1,0.5
1789637071,2026-09-17T09:24:31Z,75.2,0.8
1789637131,2026-09-17T09:25:31Z,75.7,0.5
1789637191,2026-09-17T09:26:31Z,75.6,4.0
1789637251,2026-09-17T09:27:31Z,75.6,0.5
1789637311,2026-09-17T09:28:31Z,75.6,0.5
1789637371,2026-09-17T09:29:32Z,75.7,0.8
1789637432,2026-09-17T09:30:32Z,75.8,0.5
1789637492,2026-09-17T09:31:32Z,75.8,0.6
1789637552,2026-09-17T09:32:32Z,75.7,0.5
1789637612,2026-09-17T09:33:32Z,75.7,2.9
1789637672,2026-09-17T09:34:32Z,75.6,1.5
1789637732,2026-09-17T09:35:32Z,75.5,0.5
1789637792,2026-09-17T09:36:32Z,76.0,0.5
1789637852,2026-09-17T09:37:32Z,76.0,0.5
1789637912,2026-09-17T09:38:32Z,76.4,0.5
1789637972,2026-09-17T09:39:32Z,76.4,0.5
1789638032,2026-09-17T09:40:32Z,76.0,1.8
1789638092,2026-09-17T09:41:32Z,75.9,0.5
1789638152,2026-09-17T09:42:32Z,75.9,0.5
1789638212,2026-09-17T09:43:32Z,75.9,0.5
1789638272,2026-09-17T09:44:32Z,75.9,0.5
1789638332,2026-09-17T09:45:32Z,76.2,0.5
1789638392,2026-09-17T09:46:32Z,76.1,0.6
1789638452,2026-09-17T09:47:32Z,76.1,0.8
1789638512,2026-09-17T09:48:32Z,76.0,0.5
1789638572,2026-09-17T09:49:32Z,76.8,4.0
1789638632,2026-09-17T09:50:32Z,76.8,0.5
1789638692,2026-09-17T09:51:32Z,76.8,0.5
1789638752,2026-09-17T09:52:32Z,76.8,0.5
1789638812,2026-09-17T09:53:32Z,76.8,0.5
1789638872,2026-09-17T09:54:32Z,76.8,0.6
1789638932,2026-09-17T09:55:32Z,77.1,0.5
1789638992,2026-09-17T09:56:32Z,76.6,2.5
1789639052,2026-09-17T09:57:32Z,77.1,0.6
1789639112,2026-09-17T09:58:32Z,77.0,0.6
1789639172,2026-09-17T09:59:32Z,76.6,1.1
1789639232,2026-09-17T10:00:32Z,76.9,0.7
1789639292,2026-09-17T10:01:32Z,76.3,0.9
1789639352,2026-09-17T10:02:32Z,76.3,0.9
1789639412,2026-09-17T10:03:32Z,76.3,1.1
1789639472,2026-09-17T10:04:32Z,76.7,0.9
1789639532,2026-09-17T10:05:32Z,76.7,0.6
1789639592,2026-09-17T10:06:32Z,76.8,0.9
1789639653,2026-09-17T10:07:33Z,76.8,0.9
1789639713,2026-09-17T10:08:33Z,76.7,0.9
1789639773,2026-09-17T10:09:33Z,76.7,1.0
1789639833,2026-09-17T10:10:33Z,76.7,1.3
1789639893,2026-09-17T10:11:33Z,76.7,1.0
1789639953,2026-09-17T10:12:33Z,76.8,5.0
1789640013,2026-09-17T10:13:33Z,76.5,1.1
1789640073,2026-09-17T10:14:33Z,76.5,1.0
1789640133,2026-09-17T10:15:33Z,76.5,0.9
1789640193,2026-09-17T10:16:33Z,76.5,0.9
1789640253,2026-09-17T10:17:33Z,74.7,0.9
1789640313,2026-09-17T10:18:33Z,74.9,1.0
1789640373,2026-09-17T10:19:33Z,74.8,1.0
1789640433,2026-09-17T10:20:33Z,76.1,1.0
1789640493,2026-09-17T10:21:33Z,76.6,4.5
1789640553,2026-09-17T10:22:33Z,76.6,1.2
1789640613,2026-09-17T10:23:33Z,76.6,1.0
1789640673,2026-09-17T10:24:33Z,76.7,1.0
1789640733,2026-09-17T10:25:33Z,77.2,0.9
1789640793,2026-09-17T10:26:33Z,77.2,1.1
1789640853,2026-09-17T10:27:33Z,77.2,1.0
1789640913,2026-09-17T10:28:33Z,77.2,1.9
1789640973,2026-09-17T10:29:33Z,77.2,0.9
1789641033,2026-09-17T10:30:33Z,77.2,7.2
1789641093,2026-09-17T10:31:33Z,77.2,0.9
1789641153,2026-09-17T10:32:33Z,77.2,0.9
1789641213,2026-09-17T10:33:33Z,77.2,0.9
1789641273,2026-09-17T10:34:33Z,77.2,0.7
1789641333,2026-09-17T10:35:33Z,77.2,1.0
1789641394,2026-09-17T10:36:34Z,77.2,0.9
1789641454,2026-09-17T10:37:34Z,77.2,3.6
1789641514,2026-09-17T10:38:34Z,76.8,0.9
1789641574,2026-09-17T10:39:34Z,76.8,0.9
1789641634,2026-09-17T10:40:34Z,76.8,0.9
1789641694,2026-09-17T10:41:34Z,76.8,0.9
1789641754,2026-09-17T10:42:34Z,76.8,1.0
1789641814,2026-09-17T10:43:34Z,76.8,0.9
1789641874,2026-09-17T10:44:34Z,76.8,2.1
1789641934,2026-09-17T10:45:34Z,76.8,0.9
1789641994,2026-09-17T10:46:34Z,76.8,0.9
1789642054,2026-09-17T10:47:34Z,76.2,0.9
1789642114,2026-09-17T10:48:34Z,75.8,0.9
1789642174,2026-09-17T10:49:34Z,75.7,1.0
1789642234,2026-09-17T10:50:34Z,75.8,1.0
1789642294,2026-09-17T10:51:34Z,75.8,1.4
1789642354,2026-09-17T10:52:34Z,75.8,0.9
1789642414,2026-09-17T10:53:34Z,75.8,10.0
1789642474,2026-09-17T10:54:34Z,75.7,1.0
1789642534,2026-09-17T10:55:34Z,76.2,0.9
1789642594,2026-09-17T10:56:34Z,76.2,0.9
1789642654,2026-09-17T10:57:34Z,76.2,0.7
1789642714,2026-09-17T10:58:34Z,76.2,1.2
1789642774,2026-09-17T10:59:34Z,76.2,1.0
1789642834,2026-09-17T11:00:34Z,76.2,3.1
1789642894,2026-09-17T11:01:34Z,76.2,1.0
1789642954,2026-09-17T11:02:34Z,76.7,0.9
1789643014,2026-09-17T11:03:34Z,76.7,0.9
1789643074,2026-09-17T11:04:34Z,76.7,0.9
1789643134,2026-09-17T11:05:34Z,76.3,1.1
1789643194,2026-09-17T11:06:34Z,76.3,1.0
1789643255,2026-09-17T11:07:35Z,76.3,2.2
1789643315,2026-09-17T11:08:35Z,76.3,1.0
1789643375,2026-09-17T11:09:35Z,76.3,1.0
1789643435,2026-09-17T11:10:35Z,76.3,1.0
1789643495,2026-09-17T11:11:35Z,76.3,0.9
1789643555,2026-09-17T11:12:35Z,76.3,1.0
1789643615,2026-09-17T11:13:35Z,76.7,0.9
1789643675,2026-09-17T11:14:35Z,76.7,1.6
1789643735,2026-09-17T11:15:35Z,76.7,1.0
1789643795,2026-09-17T11:16:35Z,76.7,9.9
1789643855,2026-09-17T11:17:35Z,76.1,0.9
1789643915,2026-09-17T11:18:35Z,76.0,1.0
1789643975,2026-09-17T11:19:35Z,76.1,1.0
1789644035,2026-09-17T11:20:35Z,76.1,1.0
1789644096,2026-09-17T11:21:36Z,76.1,1.0
1789644156,2026-09-17T11:22:36Z,76.1,1.0
1789644216,2026-09-17T11:23:36Z,76.1,1.3
1789644276,2026-09-17T11:24:36Z,76.1,1.0
1789644336,2026-09-17T11:25:36Z,76.7,2.1
1789644396,2026-09-17T11:26:36Z,76.2,1.0
1789644456,2026-09-17T11:27:36Z,76.2,1.0
1789644516,2026-09-17T11:28:36Z,76.1,0.9
1789644576,2026-09-17T11:29:36Z,76.1,1.0
1789644636,2026-09-17T11:30:36Z,76.2,1.2
1789644696,2026-09-17T11:31:36Z,76.0,1.0
1789644756,2026-09-17T11:32:36Z,76.1,1.5
1789644816,2026-09-17T11:33:36Z,76.1,0.9
1789644876,2026-09-17T11:34:36Z,76.1,8.6
1789644936,2026-09-17T11:35:36Z,76.1,1.0
1789644996,2026-09-17T11:36:36Z,76.1,1.0
1789645056,2026-09-17T11:37:36Z,76.2,1.0
1789645116,2026-09-17T11:38:36Z,76.2,0.6
1789645176,2026-09-17T11:39:36Z,76.1,1.1
1789645236,2026-09-17T11:40:36Z,76.0,1.0
1789645296,2026-09-17T11:41:36Z,76.2,2.6
1789645356,2026-09-17T11:42:36Z,76.2,1.1
1789645416,2026-09-17T11:43:36Z,75.6,1.0
1789645476,2026-09-17T11:44:36Z,75.2,0.6
1789645536,2026-09-17T11:45:36Z,77.2,0.5
1789645596,2026-09-17T11:46:36Z,77.2,0.9
1789645656,2026-09-17T11:47:36Z,77.0,0.7
1789645716,2026-09-17T11:48:36Z,77.5,2.3
1789645776,2026-09-17T11:49:36Z,77.2,0.6
1789645836,2026-09-17T11:50:36Z,73.3,0.9
1789645896,2026-09-17T11:51:36Z,73.9,0.7
1789645956,2026-09-17T11:52:36Z,72.4,0.6
1789646016,2026-09-17T11:53:36Z,72.5,0.7
1789646077,2026-09-17T11:54:37Z,72.5,1.0
1789646137,2026-09-17T11:55:37Z,75.7,1.1
1789646197,2026-09-17T11:56:37Z,75.4,1.0
1789646257,2026-09-17T11:57:37Z,75.4,9.7
1789646317,2026-09-17T11:58:37Z,75.4,1.0
1789646377,2026-09-17T11:59:37Z,75.4,0.9
